"ID","Binomial","Species_id","Site_ID","Site_name","Latitude","Longitude","Region","Ccamlr_id","X1970","X1971","X1972","X1973","X1974","X1975","X1976","X1977","X1978","X1979","X1980","X1981","X1982","X1983","X1984","X1985","X1986","X1987","X1988","X1989","X1990","X1991","X1992","X1993","X1994","X1995","X1996","X1997","X1998","X1999","X2000","X2001","X2002","X2003","X2004","X2005","X2006","X2007","X2008","X2009","X2010","X2011","X2012","X2013","X2014","X2015","X2016","X2017","X2018","X2019"
1,"Pygoscelis_adeliae","ADPE","ACUN","Acuna Island",-60.7612,-44.637,"South Orkney Islands","48.2","NA","NA","NA","NA","NA","NA","NA","NA","NA","NA","NA","NA","NA","NA","NA","NA","NA","NA","NA","NA","NA","NA","NA","1","1","NA","NA","NA","NA","NA","NA","NA","NA","NA","1","NA","NA","NA","NA","NA","1","NA","NA","NA","NA","NA","NA","NA","NA","NA"
3,"Pygoscelis_adeliae","ADPE","ADAR","Cape Adare",-71.3063,170.1999,"Victoria Land","88.1","NA","NA","NA","NA","NA","NA","NA","NA","NA","NA","NA","NA","1","1","NA","NA","1","NA","1","NA","1","NA","1","NA","NA","NA","NA","NA","1","NA","NA","NA","NA","NA","NA","NA","NA","NA","NA","NA","1","NA","NA","1","NA","1","NA","NA","1","NA"
4,"Pygoscelis_adeliae","ADPE","AKAR","Akarui Point",-68.4999,41.3901,"Queen Maud Land","58.4.2","NA","NA","NA","NA","NA","NA","NA","NA","NA","NA","NA","1","NA","NA","1","NA","NA","NA","NA","NA","NA","NA","NA","NA","NA","NA","NA","NA","NA","NA","NA","NA","NA","NA","NA","NA","NA","NA","NA","NA","1","NA","NA","NA","NA","NA","NA","NA","NA","NA"
9,"Pygoscelis_adeliae","ADPE","ANDI","Andresen Island Site 2",-66.875,-66.711,"Southwest Antarctic Peninsula","48.1","NA","NA","NA","NA","NA","NA","NA","NA","NA","NA","NA","NA","NA","NA","NA","NA","NA","NA","NA","NA","NA","NA","NA","NA","NA","NA","NA","NA","NA","NA","NA","NA","NA","NA","NA","NA","NA","1","NA","1","NA","NA","1","NA","NA","1","NA","NA","NA","NA"
10,"Pygoscelis_adeliae","ADPE","ANDR","Andresen Island Site 1",-66.879,-66.649,"Southwest Antarctic Peninsula","48.1","NA","NA","NA","NA","NA","NA","NA","NA","NA","NA","NA","NA","NA","1","NA","NA","NA","NA","NA","NA","NA","NA","NA","NA","NA","NA","NA","NA","NA","NA","NA","NA","NA","NA","NA","NA","NA","1","1","1","NA","NA","1","NA","NA","1","NA","NA","NA","NA"
12,"Pygoscelis_adeliae","ADPE","ANNE","Cape Anne",-73.617,169.85,"Victoria Land","88.1","NA","NA","NA","NA","NA","NA","NA","NA","NA","NA","NA","NA","NA","NA","NA","NA","1","NA","1","NA","NA","1","NA","1","NA","NA","1","NA","1","NA","NA","NA","1","NA","NA","NA","1","NA","NA","NA","NA","NA","NA","1","NA","NA","NA","NA","1","NA"
13,"Pygoscelis_adeliae","ADPE","ARDL","Ardley Island",-62.213,-58.933,"South Shetland Islands","48.1","NA","NA","NA","NA","NA","NA","NA","NA","NA","1","1","1","NA","1","1","1","1","NA","NA","NA","NA","NA","NA","1","1","1","1","1","1","1","1","1","1","1","1","1","NA","NA","NA","NA","1","1","1","1","1","1","1","1","1","1"
14,"Pygoscelis_adeliae","ADPE","ARMS","Armstrong Reef",-65.884,-66.197,"Southwest Antarctic Peninsula","48.1","NA","NA","NA","NA","NA","NA","NA","NA","NA","NA","NA","NA","NA","1","NA","NA","NA","NA","NA","NA","NA","NA","NA","NA","NA","NA","NA","NA","NA","NA","NA","NA","NA","NA","NA","NA","NA","NA","NA","NA","NA","NA","1","NA","NA","NA","NA","NA","NA","NA"
23,"Pygoscelis_adeliae","ADPE","BEAN","Beaufort Island North",-76.9288,166.881,"Victoria Land","88.1","NA","NA","NA","NA","NA","NA","NA","NA","NA","NA","NA","NA","NA","NA","NA","NA","NA","NA","NA","NA","NA","NA","NA","NA","NA","NA","NA","NA","NA","NA","NA","NA","NA","NA","1","1","NA","NA","1","NA","1","NA","NA","1","NA","NA","NA","NA","NA","NA"
24,"Pygoscelis_adeliae","ADPE","BEAU","Beaufort Island",-76.9694,166.8978,"Victoria Land","88.1","NA","NA","NA","NA","NA","NA","NA","NA","NA","NA","NA","1","NA","1","1","1","1","1","1","1","1","1","1","NA","NA","NA","1","NA","1","NA","NA","NA","NA","NA","1","1","1","NA","1","NA","1","NA","NA","1","NA","NA","NA","NA","NA","NA"
25,"Pygoscelis_adeliae","ADPE","BECH","Bechervaise Island",-67.5833,62.8167,"Mac. Robertson Land","58.4.2","NA","NA","NA","NA","NA","NA","NA","NA","NA","NA","NA","NA","NA","NA","NA","NA","NA","NA","NA","NA","1","1","1","1","1","1","1","1","1","1","1","1","NA","NA","NA","NA","NA","NA","NA","NA","NA","NA","NA","NA","NA","NA","NA","NA","NA","NA"
26,"Pygoscelis_adeliae","ADPE","BENT","Benten",-69.0417,39.25,"Queen Maud Land","58.4.2","NA","NA","NA","NA","NA","NA","NA","NA","NA","NA","NA","1","1","1","1","NA","NA","NA","NA","1","NA","1","NA","NA","NA","1","1","1","1","1","1","1","1","1","1","NA","NA","NA","NA","NA","NA","NA","NA","NA","NA","NA","NA","NA","NA","NA"
27,"Pygoscelis_adeliae","ADPE","BERK","Berkley/Cameron",-66.2163,110.64,"Wilkes Land","58.4.1","NA","NA","NA","NA","NA","NA","NA","NA","NA","1","NA","NA","NA","NA","NA","NA","NA","NA","NA","1","NA","NA","NA","NA","NA","NA","NA","NA","NA","NA","NA","NA","NA","NA","NA","NA","NA","NA","NA","NA","1","NA","NA","NA","NA","NA","NA","NA","NA","NA"
28,"Pygoscelis_adeliae","ADPE","BERT","Berthelot Islands (excl. Green Island)",-65.333,-64.112,"Central-west Antarctic Peninsula","48.1","NA","NA","NA","NA","NA","NA","NA","NA","NA","NA","NA","NA","1","NA","NA","NA","NA","NA","NA","NA","NA","NA","NA","NA","NA","NA","NA","NA","NA","NA","NA","NA","NA","NA","NA","NA","1","NA","NA","NA","1","NA","1","NA","NA","NA","NA","NA","NA","NA"
29,"Pygoscelis_adeliae","ADPE","BIEN","Cape Bienvenue",-66.7203,140.5252,"Wilkes Land","58.4.1","NA","NA","NA","NA","NA","NA","NA","NA","NA","NA","NA","NA","NA","NA","1","NA","NA","NA","NA","NA","NA","NA","NA","NA","NA","NA","NA","1","NA","NA","NA","NA","NA","NA","NA","NA","NA","NA","NA","NA","1","NA","NA","NA","NA","NA","NA","NA","NA","NA"
30,"Pygoscelis_adeliae","ADPE","BISC","Biscoe Point",-64.8114,-63.7775,"Central-west Antarctic Peninsula","48.1","NA","NA","NA","NA","NA","NA","NA","NA","NA","NA","NA","NA","NA","1","1","NA","1","NA","NA","NA","NA","NA","NA","NA","NA","NA","1","NA","NA","1","1","1","1","NA","NA","NA","NA","NA","NA","1","1","1","1","NA","NA","NA","NA","NA","NA","NA"
32,"Pygoscelis_adeliae","ADPE","BONG","Bongrain Point (Pourquoi Pas Island)",-67.7233,-67.7319,"Southwest Antarctic Peninsula","48.1","NA","NA","NA","NA","NA","NA","NA","NA","NA","NA","NA","NA","NA","1","NA","NA","NA","NA","NA","NA","NA","NA","NA","NA","NA","NA","NA","NA","NA","NA","NA","NA","NA","NA","NA","NA","NA","1","1","1","1","NA","1","NA","NA","NA","NA","NA","NA","NA"
33,"Pygoscelis_adeliae","ADPE","BOWL","Cape Bowles",-61.317,-54.081,"Elephant Island","48.1","NA","NA","NA","NA","NA","NA","1","NA","NA","NA","NA","NA","NA","NA","NA","NA","NA","NA","NA","NA","NA","NA","NA","NA","NA","NA","NA","NA","NA","NA","NA","NA","NA","NA","NA","NA","1","NA","NA","NA","NA","NA","NA","NA","NA","NA","NA","NA","NA","NA"
36,"Pygoscelis_adeliae","ADPE","BRDM","Cape Bird Middle",-77.230393,166.4187,"Victoria Land","88.1","NA","NA","NA","NA","NA","NA","NA","NA","NA","NA","NA","NA","NA","1","1","1","1","1","1","1","1","1","1","1","1","1","1","1","1","1","1","1","1","1","1","1","1","1","NA","1","1","1","1","1","1","1","1","1","1","NA"
37,"Pygoscelis_adeliae","ADPE","BRDN","Cape Bird North",-77.214483,166.44589,"Victoria Land","88.1","NA","NA","NA","NA","NA","NA","NA","NA","NA","NA","NA","NA","1","1","1","1","1","1","1","1","1","1","1","1","1","1","1","1","1","1","NA","1","1","1","1","1","1","1","1","1","1","1","1","1","1","1","1","1","1","NA"
38,"Pygoscelis_adeliae","ADPE","BRDS","Cape Bird South",-77.259444,166.379444,"Victoria Land","88.1","NA","NA","NA","NA","NA","NA","NA","NA","NA","NA","NA","NA","NA","1","1","1","1","1","1","1","1","1","1","1","1","1","1","1","1","1","1","1","1","1","1","1","1","1","1","1","1","1","1","1","1","1","1","1","1","NA"
39,"Pygoscelis_adeliae","ADPE","BROW","Brown Bluff",-63.5222,-56.905,"Northeast Antarctic Peninsula","48.1","NA","NA","NA","NA","NA","NA","NA","NA","NA","NA","NA","NA","NA","NA","NA","NA","NA","NA","NA","NA","NA","NA","NA","NA","NA","NA","1","NA","NA","NA","NA","NA","NA","NA","NA","NA","1","NA","NA","NA","NA","NA","1","NA","NA","NA","NA","NA","NA","NA"
43,"Pygoscelis_adeliae","ADPE","CBAR","Cape Barne",-77.578012,166.24162,"Victoria Land","88.1","NA","NA","NA","NA","NA","NA","NA","NA","NA","NA","NA","NA","NA","NA","NA","NA","NA","NA","1","1","NA","NA","NA","NA","NA","NA","NA","NA","NA","NA","NA","NA","NA","NA","NA","NA","NA","NA","NA","NA","1","NA","NA","NA","NA","NA","NA","NA","NA","NA"
45,"Pygoscelis_adeliae","ADPE","CDAV","Cape Davis",-66.65,163.5333,"Mac. Robertson Land","88.1","NA","NA","NA","NA","NA","NA","NA","NA","NA","NA","NA","NA","NA","NA","1","NA","NA","NA","NA","NA","NA","NA","NA","NA","NA","NA","NA","NA","NA","NA","NA","NA","NA","NA","NA","1","NA","NA","NA","NA","NA","NA","NA","NA","NA","NA","NA","NA","NA","NA"
46,"Pygoscelis_adeliae","ADPE","CHAL","Cape Hallett",-72.3179,170.2142,"Victoria Land","88.1","NA","NA","NA","NA","NA","NA","NA","NA","NA","NA","NA","1","1","1","1","1","1","1","1","NA","1","1","1","NA","NA","NA","1","NA","1","NA","NA","1","NA","NA","NA","NA","1","NA","NA","NA","1","NA","NA","1","NA","1","NA","1","1","1"
47,"Pygoscelis_adeliae","ADPE","CHAP","Chappel Island",-66.1772,110.4193,"Wilkes Land","58.4.1","NA","NA","NA","NA","NA","NA","NA","NA","NA","1","NA","NA","NA","NA","NA","NA","NA","NA","NA","1","NA","NA","NA","NA","NA","NA","NA","NA","NA","NA","NA","NA","NA","NA","NA","NA","NA","NA","NA","NA","1","NA","NA","NA","NA","NA","NA","NA","NA","NA"
54,"Pygoscelis_adeliae","ADPE","CHII","Chinstrap Islet",-66.9123,163.3169,"Victoria Land","88.1","NA","NA","NA","NA","NA","NA","NA","NA","NA","NA","NA","NA","NA","NA","1","NA","NA","NA","NA","NA","NA","NA","NA","NA","NA","NA","NA","NA","NA","NA","NA","NA","NA","NA","NA","1","NA","NA","NA","NA","NA","NA","NA","NA","NA","NA","NA","NA","NA","NA"
55,"Pygoscelis_adeliae","ADPE","CHIS","Christine Island",-64.7946,-64.0236,"Central-west Antarctic Peninsula","48.1","NA","NA","NA","NA","NA","NA","NA","NA","NA","1","NA","NA","1","1","NA","1","1","NA","NA","NA","NA","1","1","1","1","1","1","1","1","1","1","1","1","1","NA","NA","NA","NA","NA","NA","NA","NA","NA","NA","NA","NA","NA","NA","NA","NA"
57,"Pygoscelis_adeliae","ADPE","CHUN","Cape Hunter",-66.963,142.349,"Victoria Land","58.4.1","NA","NA","NA","NA","NA","NA","NA","NA","NA","NA","NA","NA","NA","NA","NA","NA","NA","NA","NA","NA","NA","NA","NA","NA","NA","NA","NA","1","NA","NA","NA","NA","NA","NA","NA","NA","NA","NA","NA","1","NA","NA","NA","NA","NA","NA","NA","NA","NA","NA"
59,"Pygoscelis_adeliae","ADPE","CMID","Coulman Middle",-73.4372,169.8854,"Victoria Land","88.1","NA","NA","NA","NA","NA","NA","NA","NA","NA","NA","NA","NA","NA","1","NA","1","1","1","1","1","NA","1","NA","1","NA","NA","1","NA","1","NA","NA","1","NA","NA","NA","NA","1","NA","NA","NA","1","NA","NA","1","NA","NA","NA","1","1","NA"
60,"Pygoscelis_adeliae","ADPE","CNOR","Coulman North",-73.3822,169.8401,"Victoria Land","88.1","NA","NA","NA","NA","NA","NA","NA","NA","NA","NA","NA","NA","NA","1","NA","NA","1","1","1","1","NA","1","NA","1","NA","NA","NA","NA","NA","NA","NA","1","1","NA","NA","NA","1","NA","NA","NA","1","NA","NA","1","NA","NA","NA","1","NA","NA"
65,"Pygoscelis_adeliae","ADPE","CORM","Cormorant Island",-64.7939,-63.9667,"Central-west Antarctic Peninsula","48.1","NA","NA","NA","NA","NA","NA","NA","NA","NA","1","1","NA","1","1","1","1","1","NA","NA","NA","NA","1","1","1","1","1","1","1","1","1","1","1","1","1","1","NA","NA","NA","NA","NA","NA","NA","NA","NA","NA","NA","NA","NA","NA","NA"
66,"Pygoscelis_adeliae","ADPE","CORN","Cape Cornish (NE Buckle)",-66.7031,163.2139,"Victoria Land","88.1","NA","NA","NA","NA","NA","NA","NA","NA","NA","NA","NA","NA","NA","NA","1","NA","NA","NA","NA","NA","NA","NA","NA","NA","NA","NA","NA","NA","NA","NA","NA","NA","NA","NA","NA","1","NA","NA","NA","NA","NA","NA","NA","NA","NA","NA","NA","NA","NA","NA"
67,"Pygoscelis_adeliae","ADPE","COTT","Cape Cotter",-72.4045,170.3122,"Victoria Land","88.1","NA","NA","NA","NA","NA","NA","NA","NA","NA","NA","NA","1","NA","1","1","NA","1","1","1","NA","1","NA","NA","NA","NA","NA","1","NA","NA","NA","NA","NA","NA","NA","NA","NA","1","NA","NA","NA","1","NA","NA","1","NA","NA","NA","1","1","NA"
68,"Pygoscelis_adeliae","ADPE","CROZ","Cape Crozier",-77.4653,169.3294,"Victoria Land","88.1","NA","NA","NA","NA","NA","NA","NA","NA","NA","NA","NA","NA","NA","NA","NA","1","1","1","1","1","1","1","1","1","1","1","1","1","1","1","NA","1","1","1","1","1","1","1","1","1","1","1","1","1","1","1","1","1","1","NA"
70,"Pygoscelis_adeliae","ADPE","CSOU","Coulman South",-73.5137,169.8779,"Victoria Land","88.1","NA","NA","NA","NA","NA","NA","NA","NA","NA","NA","NA","NA","NA","1","NA","NA","1","1","1","1","NA","NA","NA","1","NA","NA","1","NA","1","NA","NA","NA","NA","NA","NA","NA","1","NA","NA","NA","1","NA","NA","1","NA","NA","NA","1","1","NA"
76,"Pygoscelis_adeliae","ADPE","DETA","Detaille Island",-66.8708,-66.7867,"Southwest Antarctic Peninsula","48.1","NA","NA","NA","NA","NA","NA","NA","NA","NA","NA","NA","NA","NA","NA","NA","1","NA","NA","NA","NA","NA","NA","NA","NA","NA","NA","NA","NA","NA","NA","NA","NA","1","1","NA","NA","NA","1","1","1","1","NA","1","1","NA","1","NA","1","NA","NA"
77,"Pygoscelis_adeliae","ADPE","DEVI","Devil Island",-63.7992,-57.2889,"Northeast Antarctic Peninsula","48.1","NA","NA","NA","NA","NA","NA","NA","NA","NA","NA","NA","NA","NA","NA","NA","NA","NA","NA","NA","NA","NA","NA","NA","NA","NA","1","NA","NA","NA","1","NA","1","1","NA","1","NA","1","NA","1","NA","1","NA","NA","NA","NA","NA","NA","NA","NA","NA"
81,"Pygoscelis_adeliae","ADPE","DOWN","Downshire Cliffs",-71.5582,170.592,"Victoria Land","88.1","NA","NA","NA","NA","NA","NA","NA","NA","NA","NA","NA","NA","1","1","1","NA","1","NA","1","NA","1","NA","1","NA","NA","NA","NA","NA","1","NA","NA","1","NA","NA","NA","NA","NA","NA","NA","NA","NA","1","NA","1","NA","NA","NA","NA","NA","NA"
82,"Pygoscelis_adeliae","ADPE","DREA","Dream Island",-64.7254,-64.2256,"Central-west Antarctic Peninsula","48.1","NA","NA","NA","NA","NA","NA","NA","NA","NA","NA","NA","NA","NA","1","1","1","NA","NA","NA","NA","NA","NA","NA","NA","NA","NA","NA","NA","NA","NA","NA","NA","NA","NA","NA","NA","NA","1","NA","NA","NA","NA","NA","NA","NA","NA","NA","NA","NA","NA"
83,"Pygoscelis_adeliae","ADPE","DUKE","Duke of York Island",-71.6235,170.0635,"Victoria Land","88.1","NA","NA","NA","NA","NA","NA","NA","NA","NA","NA","NA","NA","1","NA","NA","1","NA","NA","1","NA","1","NA","1","NA","NA","NA","NA","NA","NA","NA","NA","NA","NA","NA","NA","NA","NA","NA","NA","NA","1","NA","NA","1","NA","1","NA","NA","1","NA"
89,"Pygoscelis_adeliae","ADPE","EDMO","Edmonson Point",-74.3167,165.0666,"Victoria Land","88.1","NA","NA","NA","NA","NA","NA","NA","NA","NA","NA","NA","1","NA","NA","1","NA","NA","1","NA","1","NA","1","1","1","NA","NA","1","NA","NA","NA","NA","NA","NA","NA","NA","1","1","NA","NA","NA","NA","NA","NA","1","NA","NA","NA","NA","NA","NA"
93,"Pygoscelis_adeliae","ADPE","EVEN","Cape Evensen (mainland)",-66.164,-65.683,"Southwest Antarctic Peninsula","48.1","NA","NA","NA","NA","NA","NA","NA","NA","NA","NA","NA","NA","NA","1","NA","NA","NA","NA","NA","NA","1","NA","NA","NA","NA","NA","NA","NA","NA","NA","NA","NA","NA","NA","NA","NA","NA","NA","NA","NA","NA","NA","1","NA","NA","NA","NA","NA","NA","NA"
96,"Pygoscelis_adeliae","ADPE","FERR","Ferrier Peninsula",-60.715,-44.425,"South Orkney Islands","48.2","NA","NA","NA","NA","NA","NA","NA","NA","NA","NA","NA","NA","NA","1","NA","NA","NA","NA","NA","NA","NA","NA","NA","1","NA","NA","NA","NA","NA","NA","NA","NA","NA","NA","1","NA","NA","NA","NA","NA","NA","NA","NA","NA","NA","NA","NA","NA","NA","NA"
97,"Pygoscelis_adeliae","ADPE","FISH","Fish Islands",-66.0275,-65.3611,"Southwest Antarctic Peninsula","48.1","NA","NA","NA","NA","NA","NA","NA","NA","NA","NA","NA","NA","NA","1","NA","NA","NA","NA","NA","NA","NA","NA","NA","NA","NA","NA","NA","NA","NA","NA","NA","NA","1","NA","NA","NA","NA","1","1","NA","1","NA","1","NA","NA","NA","NA","NA","NA","NA"
98,"Pygoscelis_adeliae","ADPE","FITC","Fitchie Bay",-60.714,-44.494,"South Orkney Islands","48.2","NA","NA","NA","NA","NA","NA","NA","NA","NA","NA","NA","NA","NA","1","NA","NA","NA","NA","NA","NA","NA","NA","NA","1","NA","NA","NA","NA","NA","NA","NA","NA","NA","NA","1","NA","NA","NA","NA","NA","NA","NA","NA","NA","NA","NA","NA","NA","NA","NA"
102,"Pygoscelis_adeliae","ADPE","FRAE","Franklin Island East",-76.1581,168.4101,"Victoria Land","88.1","NA","NA","NA","NA","NA","NA","NA","NA","NA","NA","NA","NA","NA","1","NA","NA","1","NA","NA","1","NA","1","1","1","NA","NA","NA","NA","1","NA","NA","1","1","NA","NA","1","1","NA","NA","NA","1","NA","NA","NA","NA","NA","NA","NA","NA","NA"
104,"Pygoscelis_adeliae","ADPE","FRAW","Franklin Island West",-76.1618,168.3383,"Victoria Land","88.1","NA","NA","NA","NA","NA","NA","NA","NA","NA","NA","NA","1","NA","1","NA","NA","1","1","NA","1","NA","1","1","1","NA","NA","NA","NA","NA","NA","NA","NA","NA","NA","NA","1","1","NA","NA","NA","1","NA","NA","NA","NA","NA","NA","NA","NA","NA"
107,"Pygoscelis_adeliae","ADPE","GERL","Gerlache Island",-64.601,-64.214,"Central-west Antarctic Peninsula","48.1","NA","NA","NA","NA","NA","NA","NA","NA","NA","NA","NA","NA","NA","NA","1","NA","NA","NA","NA","NA","NA","NA","NA","NA","NA","NA","NA","NA","NA","NA","NA","NA","NA","NA","NA","NA","NA","NA","NA","NA","NA","NA","NA","NA","NA","NA","NA","NA","NA","1"
113,"Pygoscelis_adeliae","ADPE","GRAP","Graptolite Island",-60.7159,-44.4621,"South Orkney Islands","48.2","NA","NA","NA","NA","NA","NA","NA","NA","NA","NA","NA","NA","NA","1","NA","NA","NA","NA","NA","NA","NA","NA","NA","1","NA","NA","NA","NA","NA","NA","NA","NA","NA","NA","1","NA","NA","NA","NA","NA","NA","NA","NA","NA","NA","NA","NA","NA","NA","NA"
114,"Pygoscelis_adeliae","ADPE","HANN","Hannah Point",-62.6545,-60.6134,"South Shetland Islands","48.1","NA","NA","NA","NA","NA","NA","NA","NA","NA","NA","NA","NA","NA","NA","NA","NA","NA","1","NA","NA","NA","NA","NA","NA","NA","1","NA","NA","NA","NA","NA","NA","NA","NA","NA","NA","NA","NA","NA","NA","NA","NA","NA","NA","NA","NA","NA","NA","NA","NA"
119,"Pygoscelis_adeliae","ADPE","HERO","Heroina Island",-63.3944,-54.6083,"Northeast Antarctic Peninsula","48.1","NA","NA","NA","NA","NA","NA","NA","NA","NA","NA","NA","NA","NA","NA","NA","NA","NA","NA","NA","NA","NA","NA","NA","NA","NA","NA","1","NA","NA","NA","NA","NA","NA","NA","NA","NA","NA","NA","NA","NA","NA","NA","NA","NA","NA","1","NA","NA","NA","NA"
120,"Pygoscelis_adeliae","ADPE","HINO","Cape Hinode",-68.1453,42.6612,"Queen Maud Land","58.4.2","NA","NA","NA","NA","NA","NA","NA","NA","NA","NA","NA","1","NA","NA","1","NA","NA","NA","NA","NA","NA","NA","NA","NA","NA","NA","NA","NA","NA","NA","NA","NA","NA","NA","NA","NA","NA","NA","1","NA","NA","NA","NA","NA","NA","NA","NA","NA","NA","NA"
123,"Pygoscelis_adeliae","ADPE","HOPE","Hope Bay",-63.3972,-56.9978,"Northeast Antarctic Peninsula","48.1","NA","NA","NA","NA","NA","NA","NA","NA","NA","1","NA","NA","NA","NA","NA","1","NA","NA","NA","NA","NA","NA","NA","NA","NA","NA","NA","NA","NA","NA","NA","NA","NA","NA","NA","NA","NA","NA","NA","NA","1","NA","1","NA","NA","NA","NA","NA","NA","NA"
124,"Pygoscelis_adeliae","ADPE","HUKU","Hukuro Cove",-69.213,39.629,"Queen Maud Land","58.4.2","NA","NA","NA","NA","NA","NA","NA","NA","NA","NA","NA","1","1","NA","1","1","1","NA","1","1","1","1","NA","1","1","1","1","1","1","1","1","1","1","1","1","NA","NA","NA","NA","NA","1","1","1","NA","NA","NA","1","NA","NA","NA"
125,"Pygoscelis_adeliae","ADPE","HUMB","Humble Island",-64.7647,-64.0875,"Central-west Antarctic Peninsula","48.1","NA","NA","NA","NA","NA","NA","NA","NA","NA","1","1","NA","NA","1","1","1","1","NA","NA","NA","NA","1","1","1","1","1","1","1","1","1","1","1","1","1","NA","NA","NA","NA","NA","NA","NA","1","NA","NA","NA","NA","NA","NA","NA","NA"
127,"Pygoscelis_adeliae","ADPE","INEX","Inexpressible Island",-74.9009,163.7287,"Victoria Land","88.1","NA","NA","NA","NA","NA","NA","NA","NA","NA","NA","NA","NA","1","NA","1","NA","1","1","NA","1","NA","1","1","1","NA","NA","NA","NA","1","NA","NA","1","1","NA","NA","1","1","NA","NA","NA","1","NA","1","1","NA","NA","NA","1","1","1"
131,"Pygoscelis_adeliae","ADPE","JONE","Cape Jones",-73.2762,169.2272,"Victoria Land","88.1","NA","NA","NA","NA","NA","NA","NA","NA","NA","NA","NA","NA","NA","NA","1","1","NA","1","1","NA","1","1","NA","NA","NA","NA","NA","NA","1","NA","NA","NA","NA","NA","NA","NA","NA","NA","NA","NA","1","NA","NA","1","NA","NA","NA","1","1","NA"
132,"Pygoscelis_adeliae","ADPE","JOUB","Joubin Islands",-64.7744,-64.3992,"Central-west Antarctic Peninsula","48.1","NA","NA","NA","NA","NA","NA","NA","NA","NA","NA","1","NA","NA","1","NA","1","NA","NA","NA","NA","1","NA","NA","NA","NA","NA","NA","NA","NA","NA","NA","NA","NA","NA","NA","NA","NA","NA","NA","NA","NA","NA","NA","NA","NA","NA","NA","NA","NA","NA"
139,"Pygoscelis_adeliae","ADPE","KUZI","Kuzira Point",-69.6,38.2667,"Queen Maud Land","58.4.2","NA","NA","NA","NA","NA","NA","NA","NA","NA","NA","NA","1","NA","NA","1","NA","NA","NA","NA","NA","NA","NA","NA","NA","NA","NA","NA","NA","NA","NA","NA","NA","NA","NA","NA","NA","NA","NA","NA","1","NA","NA","NA","NA","NA","NA","NA","NA","NA","NA"
142,"Pygoscelis_adeliae","ADPE","LAUF","Lauff Island",-73.2325,-126.7749,"Marie Byrd Land","88.2","NA","NA","NA","NA","NA","NA","NA","NA","NA","NA","NA","NA","NA","1","NA","NA","NA","NA","NA","NA","NA","NA","NA","NA","NA","NA","NA","NA","NA","NA","NA","NA","NA","NA","NA","NA","NA","NA","NA","1","NA","NA","NA","NA","NA","NA","NA","NA","NA","NA"
145,"Pygoscelis_adeliae","ADPE","LION","Lions Rump",-62.1331,-58.1229,"South Shetland Islands","48.1","NA","NA","NA","NA","NA","NA","NA","NA","NA","NA","1","1","NA","NA","NA","NA","NA","NA","NA","NA","NA","NA","NA","NA","1","1","1","NA","NA","NA","NA","NA","NA","NA","NA","NA","NA","NA","1","1","1","NA","NA","NA","NA","NA","NA","NA","NA","NA"
146,"Pygoscelis_adeliae","ADPE","LITC","Litchfield Island",-64.7708,-64.0919,"Central-west Antarctic Peninsula","48.1","NA","NA","NA","NA","NA","NA","NA","NA","NA","1","1","NA","NA","1","1","1","1","1","NA","1","1","1","1","1","1","1","1","1","1","1","1","1","1","1","1","1","1","1","1","NA","NA","NA","NA","NA","NA","NA","NA","NA","NA","NA"
147,"Pygoscelis_adeliae","ADPE","LLAN","Llano Point",-62.176,-58.446,"South Shetland Islands","48.1","NA","NA","NA","NA","NA","NA","NA","NA","1","1","1","1","1","1","1","1","1","1","1","1","1","1","1","1","1","1","1","1","1","1","1","1","1","1","1","NA","NA","NA","NA","1","1","NA","NA","1","NA","NA","NA","NA","NA","NA"
149,"Pygoscelis_adeliae","ADPE","LOVI","Lovill Bluff",-73.538,-127.4361,"Marie Byrd Land","88.2","NA","NA","NA","NA","NA","NA","NA","NA","NA","NA","NA","NA","NA","1","NA","NA","NA","NA","NA","NA","NA","NA","NA","NA","NA","NA","NA","NA","NA","NA","NA","NA","NA","NA","NA","NA","NA","NA","NA","1","NA","NA","NA","NA","NA","NA","NA","NA","NA","NA"
157,"Pygoscelis_adeliae","ADPE","MAME","Mame-zima",-69.0167,39.4833,"Queen Maud Land","58.4.2","NA","NA","NA","NA","NA","NA","NA","NA","NA","NA","1","1","1","1","1","1","1","1","1","1","1","1","1","1","1","1","1","1","1","1","1","1","1","1","1","NA","NA","NA","NA","NA","NA","NA","NA","NA","NA","NA","NA","NA","NA","NA"
158,"Pygoscelis_adeliae","ADPE","MAND","Mandible Cirque",-73.117,169.25,"Victoria Land","88.1","NA","NA","NA","NA","NA","NA","NA","NA","NA","NA","NA","NA","NA","NA","NA","NA","NA","1","1","NA","NA","1","NA","1","NA","NA","NA","NA","1","NA","NA","NA","NA","NA","NA","NA","1","NA","NA","NA","NA","NA","NA","1","NA","NA","NA","1","1","NA"
159,"Pygoscelis_adeliae","ADPE","MART","Point Martin",-60.768,-44.719,"South Orkney Islands","48.2","NA","NA","NA","NA","NA","NA","NA","NA","NA","NA","NA","NA","NA","1","NA","NA","NA","NA","NA","NA","NA","NA","NA","1","NA","NA","NA","NA","NA","NA","NA","NA","NA","NA","1","NA","NA","NA","NA","NA","NA","NA","NA","NA","NA","NA","NA","NA","NA","NA"
164,"Pygoscelis_adeliae","ADPE","MERR","Merritt Island",-66.4588,107.1565,"Wilkes Land","58.4.1","NA","NA","NA","NA","NA","NA","NA","NA","NA","NA","NA","NA","NA","NA","NA","NA","NA","NA","NA","NA","NA","NA","NA","NA","NA","NA","NA","NA","NA","NA","NA","NA","NA","NA","NA","NA","NA","1","NA","1","NA","NA","NA","NA","NA","NA","NA","NA","NA","NA"
166,"Pygoscelis_adeliae","ADPE","MIDG","Hollin/Midgley",-66.3259,110.4036,"Wilkes Land","58.4.1","NA","NA","NA","NA","NA","NA","NA","NA","NA","1","NA","NA","NA","NA","NA","NA","NA","NA","NA","1","NA","NA","NA","NA","NA","NA","NA","NA","NA","NA","NA","NA","NA","NA","NA","NA","NA","NA","NA","NA","1","NA","NA","NA","NA","NA","NA","NA","NA","NA"
167,"Pygoscelis_adeliae","ADPE","MIZU","Mizukuguri Cove",-69.197,39.614,"Queen Maud Land","58.4.2","NA","NA","NA","NA","NA","NA","NA","NA","NA","NA","NA","1","1","NA","1","1","1","NA","1","1","1","1","1","1","1","1","1","1","1","1","1","1","1","1","1","NA","NA","NA","NA","NA","NA","NA","NA","NA","NA","NA","NA","NA","NA","NA"
168,"Pygoscelis_adeliae","ADPE","MRII","Mount Riiser-Larsen",-66.7908,50.5511,"Enderby Land","58.4.2","NA","NA","NA","NA","NA","NA","NA","NA","NA","NA","NA","NA","NA","NA","NA","NA","NA","NA","NA","NA","NA","NA","NA","NA","NA","NA","1","NA","NA","NA","NA","NA","NA","NA","NA","NA","NA","NA","NA","1","NA","NA","NA","NA","NA","NA","NA","NA","NA","NA"
170,"Pygoscelis_adeliae","ADPE","NEIS","Nelly Island",-66.2294,110.1782,"Wilkes Land","58.4.1","NA","NA","NA","NA","NA","NA","NA","NA","NA","1","NA","NA","NA","NA","NA","NA","NA","NA","NA","1","NA","NA","NA","NA","NA","NA","NA","NA","NA","NA","NA","NA","NA","NA","NA","NA","NA","NA","NA","NA","1","NA","NA","NA","NA","NA","NA","NA","NA","NA"
173,"Pygoscelis_adeliae","ADPE","NOKK","Nokkelholmane Islands",-69.3811,39.4635,"Queen Maud Land","58.4.2","NA","NA","NA","NA","NA","NA","NA","NA","NA","NA","NA","1","1","NA","1","NA","NA","NA","NA","NA","NA","NA","NA","NA","1","1","NA","1","1","1","1","1","1","1","1","NA","NA","NA","NA","1","NA","NA","NA","NA","NA","NA","NA","NA","NA","NA"
174,"Pygoscelis_adeliae","ADPE","NOPT","North Point",-60.672,-45.626,"South Orkney Islands","48.2","NA","NA","NA","NA","NA","NA","NA","NA","1","NA","NA","NA","NA","NA","NA","NA","NA","NA","NA","NA","NA","NA","NA","NA","NA","NA","NA","NA","NA","NA","NA","NA","NA","NA","NA","NA","NA","NA","NA","NA","1","NA","NA","NA","NA","1","NA","NA","NA","NA"
175,"Pygoscelis_adeliae","ADPE","NORF","Northern Foothills (Terra Nova Bay)",-74.75,164,"Victoria Land","88.1","NA","NA","NA","NA","NA","NA","NA","NA","NA","NA","NA","NA","NA","NA","1","NA","1","1","NA","1","NA","1","1","1","NA","NA","1","NA","1","NA","NA","1","1","NA","NA","1","1","NA","NA","NA","NA","NA","NA","1","NA","NA","NA","1","1","NA"
179,"Pygoscelis_adeliae","ADPE","OMGA","Cape Omega",-68.5667,40.9833,"Queen Maud Land","58.4.2","NA","NA","NA","NA","NA","NA","NA","NA","NA","NA","NA","1","NA","NA","1","NA","NA","NA","NA","NA","NA","NA","NA","NA","NA","NA","NA","NA","NA","NA","NA","NA","NA","NA","NA","NA","NA","NA","NA","NA","NA","NA","1","NA","NA","NA","NA","NA","NA","NA"
180,"Pygoscelis_adeliae","ADPE","ONGU","Ongulkaven",-69.0171,39.4252,"Queen Maud Land","58.4.2","NA","NA","NA","NA","NA","NA","NA","NA","NA","NA","1","1","1","1","1","1","1","1","1","1","1","1","1","1","1","1","1","1","1","1","1","1","1","1","1","NA","NA","NA","NA","NA","NA","NA","NA","NA","NA","NA","NA","NA","NA","NA"
184,"Pygoscelis_adeliae","ADPE","PAUL","Paulet Island",-63.5801,-55.7881,"Northeast Antarctic Peninsula","48.1","NA","NA","NA","NA","NA","NA","NA","NA","NA","NA","NA","1","NA","NA","1","NA","NA","NA","NA","NA","NA","NA","NA","NA","NA","NA","NA","NA","NA","1","NA","NA","NA","NA","NA","NA","NA","NA","NA","NA","1","NA","NA","NA","NA","NA","NA","NA","NA","NA"
185,"Pygoscelis_adeliae","ADPE","PCHA","Port Charcot",-65.067,-64.026,"Central-west Antarctic Peninsula","48.1","NA","NA","NA","NA","NA","NA","NA","NA","NA","NA","NA","NA","1","NA","NA","NA","NA","NA","NA","NA","1","NA","NA","NA","NA","NA","NA","NA","NA","NA","1","1","NA","NA","NA","1","NA","1","1","1","1","NA","1","1","1","1","1","1","NA","1"
186,"Pygoscelis_adeliae","ADPE","PCOR","Point Cormorant",-60.756314,-44.732219,"South Orkney Islands","48.2","NA","NA","NA","NA","NA","NA","NA","NA","NA","NA","NA","NA","NA","NA","NA","NA","NA","NA","NA","NA","NA","NA","NA","1","NA","NA","NA","NA","NA","NA","NA","NA","NA","NA","1","NA","NA","NA","NA","NA","NA","NA","NA","NA","NA","NA","NA","NA","NA","NA"
188,"Pygoscelis_adeliae","ADPE","PENG","Penguin Island",-62.102,-57.9269,"South Shetland Islands","48.1","NA","NA","NA","NA","NA","NA","NA","NA","NA","1","1","NA","NA","NA","NA","NA","NA","NA","NA","NA","NA","NA","NA","NA","NA","NA","1","1","NA","1","1","NA","NA","1","NA","NA","NA","1","1","NA","1","NA","1","NA","NA","NA","NA","1","NA","NA"
189,"Pygoscelis_adeliae","ADPE","PEPO","Penguin Point (Seymour Island)",-64.3061,-56.7114,"Northeast Antarctic Peninsula","48.1","NA","NA","NA","NA","NA","NA","NA","NA","NA","NA","NA","NA","NA","NA","NA","1","NA","NA","NA","NA","NA","NA","NA","NA","NA","NA","NA","NA","NA","NA","NA","NA","NA","NA","NA","NA","1","NA","NA","1","NA","NA","NA","NA","NA","NA","NA","NA","NA","NA"
190,"Pygoscelis_adeliae","ADPE","PETE","Petermann Island",-65.176,-64.137,"Central-west Antarctic Peninsula","48.1","NA","NA","NA","NA","NA","NA","NA","NA","NA","NA","NA","NA","1","NA","NA","NA","NA","NA","1","NA","NA","NA","NA","NA","1","1","1","1","1","1","1","NA","1","1","1","1","1","1","1","1","1","NA","1","1","1","1","NA","1","NA","NA"
191,"Pygoscelis_adeliae","ADPE","PGEO","Point Geologie",-66.6744,140.0052,"Adelie Land","58.4.1","NA","NA","NA","NA","NA","NA","NA","NA","NA","NA","NA","NA","NA","NA","1","NA","NA","NA","1","1","1","1","NA","1","1","1","1","1","1","1","1","1","1","1","1","1","1","1","1","1","1","1","1","1","1","1","1","1","NA","NA"
192,"Pygoscelis_adeliae","ADPE","PHIL","Cape Phillips",-73.0714,169.6168,"Victoria Land","88.1","NA","NA","NA","NA","NA","NA","NA","NA","NA","NA","NA","NA","NA","NA","NA","NA","NA","1","1","NA","1","1","NA","1","NA","NA","NA","NA","1","NA","NA","NA","NA","NA","NA","NA","NA","NA","NA","NA","1","NA","NA","1","NA","NA","NA","1","NA","NA"
193,"Pygoscelis_adeliae","ADPE","PIGE","Cape Pigeon Rocks",-66.9334,143.894,"Victoria Land","58.4.1","NA","NA","NA","NA","NA","NA","NA","NA","NA","NA","NA","1","NA","NA","NA","NA","NA","NA","NA","NA","NA","NA","NA","NA","NA","NA","NA","1","NA","NA","NA","NA","NA","NA","NA","NA","NA","NA","NA","NA","1","NA","NA","NA","NA","NA","NA","NA","NA","NA"
194,"Pygoscelis_adeliae","ADPE","PIIS","Peter I Island",-68.835,-90.4917,"Ellsworth Land","88.3","NA","NA","NA","NA","NA","NA","NA","NA","NA","NA","NA","NA","NA","NA","NA","NA","NA","1","NA","NA","1","NA","NA","NA","NA","NA","NA","NA","NA","NA","NA","NA","NA","NA","NA","NA","NA","NA","NA","NA","1","NA","NA","NA","NA","NA","NA","NA","NA","NA"
195,"Pygoscelis_adeliae","ADPE","PISL","Peterson Island",-66.4665,110.4993,"Wilkes Land","58.4.1","NA","NA","NA","NA","NA","NA","NA","NA","NA","1","NA","NA","NA","NA","NA","NA","NA","NA","NA","1","NA","NA","NA","NA","NA","NA","NA","NA","NA","NA","NA","NA","NA","NA","NA","NA","NA","NA","NA","NA","1","NA","NA","NA","NA","NA","NA","NA","NA","NA"
197,"Pygoscelis_adeliae","ADPE","PLEN","Pleneau Island",-65.104,-64.0556,"Central-west Antarctic Peninsula","48.1","NA","NA","NA","NA","NA","NA","NA","NA","NA","NA","NA","NA","NA","NA","NA","NA","NA","NA","NA","NA","NA","NA","NA","NA","NA","1","1","NA","NA","1","1","1","1","1","1","1","1","1","1","1","1","NA","1","1","1","1","NA","1","NA","NA"
199,"Pygoscelis_adeliae","ADPE","POSS","Possession Island",-71.8946,171.1692,"Victoria Land","88.1","NA","NA","NA","NA","NA","NA","NA","NA","NA","NA","NA","NA","NA","1","NA","NA","1","NA","NA","NA","NA","NA","NA","NA","NA","NA","NA","NA","NA","NA","NA","NA","NA","NA","NA","NA","1","NA","NA","NA","1","NA","NA","1","NA","NA","NA","NA","NA","NA"
203,"Pygoscelis_adeliae","ADPE","PTHO","Point Thomas",-62.1631,-58.4615,"South Shetland Islands","48.1","NA","NA","NA","NA","NA","NA","NA","NA","1","1","1","1","NA","NA","NA","NA","1","NA","1","1","1","1","1","NA","1","1","1","NA","NA","NA","NA","NA","NA","NA","NA","NA","NA","NA","NA","NA","1","NA","NA","1","NA","NA","NA","NA","NA","NA"
205,"Pygoscelis_adeliae","ADPE","RBSN","Robinson",-67.4543,63.4596,"Mac. Robertson Land","58.4.2","NA","NA","NA","NA","NA","NA","NA","NA","NA","NA","NA","NA","NA","NA","NA","NA","NA","NA","NA","NA","NA","NA","NA","NA","NA","NA","NA","NA","NA","NA","NA","NA","NA","NA","NA","1","1","NA","NA","NA","NA","NA","NA","NA","NA","NA","NA","NA","NA","NA"
210,"Pygoscelis_adeliae","ADPE","ROSE","Robinson (southeast)",-67.4749,63.4956,"Mac. Robertson Land","58.4.2","NA","NA","NA","NA","NA","NA","NA","NA","NA","NA","NA","NA","NA","NA","NA","NA","NA","NA","NA","NA","NA","NA","NA","NA","NA","NA","NA","NA","NA","NA","NA","NA","NA","NA","NA","1","1","NA","NA","NA","NA","NA","NA","NA","NA","NA","NA","NA","NA","NA"
211,"Pygoscelis_adeliae","ADPE","ROYD","Cape Royds",-77.5545,166.1639,"Victoria Land","88.1","NA","NA","NA","NA","NA","NA","NA","NA","NA","NA","1","NA","NA","1","1","1","1","1","1","1","1","1","1","1","1","1","1","1","1","1","1","1","1","1","1","1","1","1","1","1","1","1","1","1","1","1","1","1","1","NA"
212,"Pygoscelis_adeliae","ADPE","RRRI","Red Rock Ridge",-68.2878,-67.1686,"Southwest Antarctic Peninsula","48.1","NA","NA","NA","NA","NA","NA","NA","NA","NA","NA","NA","NA","NA","1","NA","NA","NA","NA","NA","NA","NA","NA","NA","NA","NA","NA","NA","NA","NA","NA","NA","NA","NA","NA","NA","NA","NA","1","NA","NA","NA","NA","1","NA","NA","NA","NA","NA","1","1"
213,"Pygoscelis_adeliae","ADPE","RUMP","Rumpa Island",-69.1441,39.3905,"Queen Maud Land","58.4.2","NA","NA","NA","NA","NA","NA","NA","NA","NA","NA","1","1","1","1","1","1","1","1","1","1","1","1","1","1","1","1","1","1","1","1","1","1","1","1","1","NA","NA","NA","NA","NA","NA","NA","NA","NA","NA","NA","NA","NA","NA","NA"
214,"Pygoscelis_adeliae","ADPE","SABR","Sabrina Island",-66.91678,163.3085,"Victoria Land","88.1","NA","NA","NA","NA","NA","NA","NA","NA","NA","NA","NA","NA","NA","NA","1","NA","NA","NA","NA","NA","NA","NA","NA","NA","NA","NA","NA","NA","NA","NA","1","NA","NA","NA","NA","1","NA","NA","NA","NA","NA","NA","NA","NA","NA","NA","NA","NA","NA","NA"
219,"Pygoscelis_adeliae","ADPE","SEPR","SE Promontory",-66.65,163.05,"Victoria Land","88.1","NA","NA","NA","NA","NA","NA","NA","NA","NA","NA","NA","NA","NA","NA","1","NA","NA","NA","NA","NA","NA","NA","NA","NA","NA","NA","NA","NA","NA","NA","NA","NA","NA","NA","NA","1","NA","NA","NA","NA","NA","NA","NA","NA","NA","NA","NA","NA","NA","NA"
224,"Pygoscelis_adeliae","ADPE","SHIN","Shingle Cove (Coronation Island)",-60.6469,-45.5636,"South Orkney Islands","48.2","NA","NA","NA","NA","NA","NA","NA","NA","NA","NA","NA","NA","NA","NA","NA","NA","NA","NA","NA","NA","NA","NA","NA","NA","NA","NA","NA","NA","NA","NA","NA","NA","NA","NA","1","NA","NA","1","NA","NA","NA","NA","NA","NA","NA","NA","NA","NA","NA","NA"
226,"Pygoscelis_adeliae","ADPE","SIGA","Sigaren",-69.1693,39.4344,"Queen Maud Land","58.4.2","NA","NA","NA","NA","NA","NA","NA","NA","NA","NA","NA","NA","NA","NA","NA","NA","NA","NA","NA","NA","NA","NA","NA","NA","NA","NA","NA","NA","NA","NA","NA","1","1","1","1","NA","NA","NA","NA","NA","NA","NA","NA","NA","NA","NA","NA","NA","NA","NA"
229,"Pygoscelis_adeliae","ADPE","SOMI","South of Martin Islands",-65.6881,-65.3381,"Southwest Antarctic Peninsula","48.1","NA","NA","NA","NA","NA","NA","NA","NA","NA","NA","NA","NA","1","NA","NA","NA","NA","NA","NA","NA","NA","NA","NA","NA","NA","NA","NA","NA","NA","NA","NA","NA","NA","NA","NA","NA","NA","1","NA","NA","NA","NA","1","NA","NA","NA","NA","NA","NA","NA"
234,"Pygoscelis_adeliae","ADPE","STRA","Stranger Point",-62.26,-58.6161,"South Shetland Islands","48.1","NA","NA","NA","NA","NA","NA","NA","NA","NA","NA","1","NA","NA","NA","1","1","NA","1","1","NA","NA","NA","NA","NA","NA","NA","NA","NA","NA","NA","NA","NA","NA","NA","NA","NA","NA","1","NA","1","NA","NA","1","NA","NA","NA","NA","NA","NA","NA"
237,"Pygoscelis_adeliae","ADPE","SVEN","Sven Foyn Island",-71.956,171.0695,"Victoria Land","88.1","NA","NA","NA","NA","NA","NA","NA","NA","NA","NA","NA","1","NA","1","NA","NA","1","NA","1","NA","1","NA","NA","NA","NA","NA","1","NA","1","NA","NA","1","NA","NA","NA","NA","1","NA","NA","NA","1","NA","NA","1","NA","NA","NA","NA","NA","NA"
240,"Pygoscelis_adeliae","ADPE","TAYH","Tay Head (Joinville Island)",-63.3486,-55.5508,"Northeast Antarctic Peninsula","48.1","NA","NA","NA","NA","NA","NA","NA","NA","NA","NA","NA","NA","NA","NA","NA","NA","NA","NA","NA","NA","NA","NA","NA","NA","NA","NA","NA","NA","NA","NA","NA","1","NA","NA","NA","NA","1","NA","NA","NA","1","NA","NA","NA","NA","NA","NA","NA","NA","NA"
242,"Pygoscelis_adeliae","ADPE","THOR","Thorgaut",-67.4425,63.5433,"Mac. Robertson Land","58.4.2","NA","NA","NA","NA","NA","NA","NA","NA","NA","NA","NA","NA","NA","NA","NA","NA","NA","NA","NA","NA","NA","NA","NA","NA","NA","NA","NA","NA","NA","NA","NA","NA","NA","NA","NA","1","1","NA","NA","NA","NA","NA","NA","NA","NA","NA","NA","NA","NA","NA"
243,"Pygoscelis_adeliae","ADPE","TORG","Torgersen Island",-64.7731,-64.0741,"Central-west Antarctic Peninsula","48.1","NA","NA","NA","NA","NA","NA","NA","NA","NA","1","1","1","1","1","NA","1","1","NA","NA","NA","NA","1","1","1","1","1","1","1","1","1","1","1","1","1","1","NA","NA","NA","NA","NA","NA","NA","NA","NA","NA","NA","NA","NA","NA","NA"
244,"Pygoscelis_adeliae","ADPE","TORI","Torinosu Cove",-69.4833,39.5667,"Queen Maud Land","58.4.2","NA","NA","NA","NA","NA","NA","NA","NA","NA","NA","NA","1","1","NA","1","NA","1","NA","NA","1","1","NA","NA","1","1","1","NA","1","1","1","1","1","1","1","1","NA","NA","NA","NA","NA","NA","NA","NA","NA","NA","NA","NA","NA","NA","NA"
247,"Pygoscelis_adeliae","ADPE","TSIS","Three Sisters",-62.0779,-57.9135,"South Shetland Islands","48.1","NA","NA","NA","NA","NA","NA","NA","NA","NA","NA","1","NA","NA","NA","NA","NA","NA","NA","NA","NA","NA","NA","NA","NA","NA","NA","NA","NA","NA","NA","NA","NA","NA","NA","NA","NA","1","NA","NA","NA","NA","NA","NA","NA","NA","NA","1","1","NA","NA"
248,"Pygoscelis_adeliae","ADPE","TURR","Turret Point (King George Island)",-62.0875,-57.9514,"South Shetland Islands","48.1","NA","NA","NA","NA","NA","NA","NA","NA","NA","NA","NA","NA","NA","NA","NA","NA","NA","NA","NA","NA","NA","NA","NA","NA","NA","NA","NA","NA","NA","NA","NA","NA","NA","NA","NA","NA","1","NA","1","NA","1","NA","1","1","NA","1","1","1","NA","NA"
253,"Pygoscelis_adeliae","ADPE","UNGE","Unger Island (Unger Rock)",-70.6811,166.919,"Victoria Land","88.1","NA","NA","NA","NA","NA","NA","NA","NA","NA","NA","NA","NA","NA","NA","1","1","NA","NA","NA","NA","NA","NA","NA","NA","NA","NA","NA","NA","NA","NA","NA","NA","NA","NA","NA","NA","NA","NA","NA","NA","1","NA","NA","NA","NA","NA","NA","NA","NA","NA"
260,"Pygoscelis_adeliae","ADPE","WATT","Watt Bay",-66.9949,144.2854,"Victoria Land","58.4.1","NA","NA","NA","NA","NA","NA","NA","NA","NA","NA","NA","NA","1","NA","NA","NA","NA","NA","NA","NA","NA","NA","NA","NA","NA","NA","NA","1","NA","NA","NA","NA","NA","NA","NA","NA","NA","NA","NA","NA","NA","1","NA","NA","NA","NA","NA","NA","NA","NA"
264,"Pygoscelis_adeliae","ADPE","WHEA","Cape Wheatstone",-72.6217,170.2024,"Victoria Land","88.1","NA","NA","NA","NA","NA","NA","NA","NA","NA","NA","NA","NA","NA","1","1","1","NA","1","NA","NA","1","1","1","1","NA","NA","NA","NA","1","NA","NA","NA","NA","NA","NA","NA","1","NA","NA","NA","1","NA","NA","1","NA","NA","NA","1","1","NA"
265,"Pygoscelis_adeliae","ADPE","WHTY","Blakeney/Whitney",-66.2457,110.5573,"Wilkes Land","58.4.1","NA","NA","NA","NA","NA","NA","NA","NA","NA","1","NA","NA","NA","NA","NA","NA","NA","NA","NA","1","NA","NA","NA","NA","NA","NA","NA","NA","NA","NA","NA","NA","NA","NA","NA","NA","NA","NA","NA","NA","1","NA","NA","NA","NA","NA","NA","NA","NA","NA"
267,"Pygoscelis_adeliae","ADPE","WOOD","Wood Bay",-74.3299,165.1332,"Victoria Land","88.1","NA","NA","NA","NA","NA","NA","NA","NA","NA","NA","NA","1","NA","NA","1","NA","NA","1","NA","1","NA","1","1","1","1","1","1","NA","NA","NA","NA","NA","NA","NA","NA","1","1","NA","NA","NA","1","NA","NA","1","NA","NA","NA","1","1","NA"
269,"Pygoscelis_adeliae","ADPE","WPEC","Watson Peninsula (east coast)",-60.6761,-44.5436,"South Orkney Islands","48.2","NA","NA","NA","NA","NA","NA","NA","NA","NA","NA","NA","NA","NA","1","NA","NA","NA","NA","NA","NA","NA","NA","NA","1","1","NA","NA","NA","NA","NA","NA","NA","NA","NA","1","NA","NA","NA","NA","NA","1","NA","NA","NA","NA","NA","NA","NA","NA","NA"
271,"Pygoscelis_adeliae","ADPE","YALO","Yalour Islands",-65.2389,-64.1564,"Central-west Antarctic Peninsula","48.1","NA","NA","NA","NA","NA","NA","NA","NA","NA","NA","NA","NA","1","NA","NA","NA","NA","NA","NA","NA","NA","NA","NA","NA","NA","NA","NA","NA","NA","NA","NA","NA","NA","1","NA","NA","NA","NA","1","1","1","NA","1","1","NA","1","NA","NA","NA","NA"
272,"Pygoscelis_adeliae","ADPE","YTRE","Ytrehovdeholmen",-69.2167,39.4333,"Queen Maud Land","58.4.2","NA","NA","NA","NA","NA","NA","NA","NA","NA","NA","NA","1","1","NA","1","NA","1","NA","NA","1","1","NA","NA","NA","1","1","1","1","1","1","1","1","1","1","1","NA","NA","NA","NA","NA","NA","NA","NA","NA","NA","NA","NA","NA","NA","NA"
1,"Pygoscelis_antarcticus","CHPE","ACUN","Acuna Island",-60.7612,-44.637,"South Orkney Islands","48.2","NA","NA","NA","NA","NA","NA","NA","NA","NA","NA","NA","NA","NA","1","NA","NA","NA","NA","NA","NA","NA","NA","NA","NA","NA","NA","NA","NA","NA","NA","NA","NA","NA","NA","1","NA","NA","NA","NA","NA","NA","NA","NA","NA","NA","NA","NA","NA","NA","NA"
3,"Pygoscelis_antarcticus","CHPE","AITC","Barrientos Island (Aitcho Islands)",-62.4071,-59.7517,"South Shetland Islands","48.1","NA","NA","NA","NA","NA","NA","NA","NA","NA","NA","NA","NA","NA","NA","NA","NA","NA","NA","NA","NA","NA","NA","NA","NA","NA","NA","NA","1","NA","NA","NA","NA","NA","NA","NA","NA","NA","NA","1","1","NA","1","NA","NA","NA","NA","NA","NA","1","NA"
5,"Pygoscelis_antarcticus","CHPE","ALCO","Alcock Island",-64.24,-61.127,"Central-west Antarctic Peninsula","48.1","NA","NA","NA","NA","NA","NA","NA","NA","NA","NA","NA","NA","NA","NA","NA","NA","NA","NA","NA","1","NA","NA","NA","NA","NA","NA","NA","1","NA","NA","NA","NA","NA","NA","NA","NA","NA","NA","NA","NA","1","NA","NA","NA","NA","NA","NA","NA","NA","NA"
9,"Pygoscelis_antarcticus","CHPE","ARDL","Ardley Island",-62.213,-58.933,"South Shetland Islands","48.1","NA","NA","NA","NA","NA","NA","NA","NA","NA","1","1","1","NA","1","1","1","NA","NA","NA","NA","NA","NA","NA","NA","1","1","1","1","1","1","1","1","1","1","1","1","NA","NA","NA","NA","NA","NA","NA","NA","1","NA","NA","NA","NA","NA"
10,"Pygoscelis_antarcticus","CHPE","ARMS","Armstrong Reef",-65.884,-66.197,"Southwest Antarctic Peninsula","48.1","NA","NA","NA","NA","NA","NA","NA","NA","NA","NA","NA","NA","NA","1","NA","NA","NA","NA","NA","1","NA","NA","NA","NA","NA","NA","NA","NA","NA","NA","NA","NA","NA","NA","NA","NA","NA","NA","NA","NA","NA","NA","1","NA","NA","NA","NA","NA","NA","NA"
15,"Pygoscelis_antarcticus","CHPE","BAIL","Baily Head (Deception Island)",-62.965,-60.506,"South Shetland Islands","48.1","NA","NA","NA","NA","NA","NA","NA","NA","NA","NA","NA","NA","NA","NA","NA","NA","1","NA","NA","1","NA","NA","NA","NA","NA","NA","NA","NA","NA","NA","NA","NA","NA","NA","NA","NA","NA","NA","1","NA","NA","1","NA","NA","NA","NA","NA","NA","1","NA"
17,"Pygoscelis_antarcticus","CHPE","BART","Barton Peninsula",-62.224,-58.791,"South Shetland Islands","48.1","NA","NA","NA","NA","NA","NA","NA","NA","NA","NA","1","NA","NA","NA","1","1","1","NA","NA","1","NA","NA","1","NA","1","NA","NA","NA","NA","NA","1","1","NA","NA","NA","NA","1","1","1","1","1","1","1","1","NA","NA","NA","NA","NA","NA"
20,"Pygoscelis_antarcticus","CHPE","BELL","Bell Point",-62.119,-58.889,"South Shetland Islands","48.1","NA","NA","NA","NA","NA","NA","NA","NA","NA","NA","1","NA","NA","NA","NA","NA","1","NA","NA","NA","NA","NA","NA","NA","NA","NA","NA","NA","NA","NA","NA","NA","NA","NA","NA","NA","NA","NA","NA","NA","NA","NA","NA","NA","NA","NA","1","NA","NA","NA"
23,"Pygoscelis_antarcticus","CHPE","BLAK","Blake Island",-63.649,-59.0303,"Northwest Antarctic Peninsula","48.1","NA","NA","NA","NA","NA","NA","NA","NA","NA","NA","NA","NA","NA","NA","NA","NA","1","NA","NA","NA","1","NA","NA","NA","NA","NA","NA","NA","NA","NA","NA","NA","NA","NA","NA","NA","NA","NA","NA","NA","NA","NA","NA","NA","NA","NA","NA","NA","NA","1"
24,"Pygoscelis_antarcticus","CHPE","BONE","Bone Bay",-63.584,-59.036,"Northwest Antarctic Peninsula","48.1","NA","NA","NA","NA","NA","NA","NA","NA","NA","NA","NA","NA","NA","NA","NA","NA","1","NA","NA","NA","1","NA","NA","NA","NA","NA","NA","NA","NA","NA","NA","NA","NA","NA","NA","NA","NA","NA","NA","NA","NA","NA","NA","NA","NA","NA","NA","NA","NA","1"
25,"Pygoscelis_antarcticus","CHPE","BOWL","Cape Bowles",-61.317,-54.081,"Elephant Island","48.1","NA","NA","NA","NA","NA","NA","1","NA","NA","NA","NA","NA","NA","NA","NA","NA","NA","NA","NA","NA","NA","NA","NA","NA","NA","NA","NA","NA","NA","NA","NA","NA","NA","NA","NA","NA","NA","NA","NA","NA","1","NA","NA","NA","NA","NA","NA","NA","NA","NA"
27,"Pygoscelis_antarcticus","CHPE","BRIM","Brimstone Peak",-61.912407,-57.752451,"South Shetland Islands","48.1","NA","NA","NA","NA","NA","NA","NA","NA","NA","NA","1","NA","NA","NA","NA","NA","1","NA","NA","NA","NA","NA","NA","NA","NA","NA","NA","NA","NA","NA","NA","NA","NA","NA","NA","NA","NA","NA","NA","NA","NA","NA","NA","NA","NA","NA","NA","NA","NA","1"
29,"Pygoscelis_antarcticus","CHPE","BRPW","Brimstone Peak (west)",-61.918323,-57.7633,"South Shetland Islands","48.1","NA","NA","NA","NA","NA","NA","NA","NA","NA","NA","1","NA","NA","NA","NA","NA","1","NA","NA","NA","NA","NA","NA","NA","NA","NA","NA","NA","NA","NA","NA","NA","NA","NA","NA","NA","NA","NA","NA","NA","NA","NA","NA","NA","NA","NA","NA","NA","NA","1"
34,"Pygoscelis_antarcticus","CHPE","CARL","Carlota Cove",-62.373443,-59.709059,"South Shetland Islands","48.1","NA","NA","NA","NA","NA","1","NA","NA","NA","NA","NA","NA","NA","NA","NA","NA","NA","NA","NA","NA","NA","NA","NA","NA","NA","NA","NA","NA","NA","NA","NA","NA","NA","NA","NA","NA","NA","NA","NA","1","NA","NA","NA","NA","NA","NA","NA","NA","NA","NA"
41,"Pygoscelis_antarcticus","CHPE","CHAB","Chabrier Rock, Vaureal Peak",-62.1874,-58.2961,"South Shetland Islands","48.1","NA","NA","NA","NA","NA","NA","NA","NA","NA","1","1","NA","NA","NA","NA","NA","1","NA","NA","NA","NA","NA","NA","NA","NA","NA","NA","NA","NA","NA","NA","NA","NA","NA","1","NA","NA","NA","NA","NA","NA","NA","NA","NA","NA","NA","NA","NA","NA","NA"
44,"Pygoscelis_antarcticus","CHPE","CHII","Chinstrap Islet",-66.9123,163.3169,"Victoria Land","88.1","NA","NA","1","NA","NA","NA","NA","NA","NA","NA","NA","NA","NA","NA","NA","NA","NA","NA","NA","NA","NA","NA","NA","NA","NA","NA","NA","NA","NA","NA","NA","NA","NA","NA","NA","NA","NA","NA","NA","NA","NA","NA","NA","1","NA","NA","NA","NA","NA","NA"
47,"Pygoscelis_antarcticus","CHPE","CHPT","Charles Point",-64.236,-61,"Central-west Antarctic Peninsula","48.1","NA","NA","NA","NA","NA","NA","NA","NA","NA","NA","NA","NA","NA","NA","NA","NA","1","NA","NA","NA","NA","NA","NA","NA","NA","NA","NA","1","NA","NA","NA","NA","NA","NA","NA","NA","NA","NA","NA","NA","1","NA","NA","NA","NA","NA","NA","NA","NA","NA"
48,"Pygoscelis_antarcticus","CHPE","CHSE","Cape Herschel (southeast)",-64.078,-61.033,"Central-west Antarctic Peninsula","48.1","NA","NA","NA","NA","NA","NA","NA","NA","NA","NA","NA","NA","NA","1","NA","NA","NA","NA","NA","NA","NA","NA","NA","NA","NA","NA","NA","1","NA","NA","NA","NA","NA","NA","NA","NA","NA","NA","NA","NA","1","NA","NA","NA","NA","NA","NA","NA","NA","NA"
50,"Pygoscelis_antarcticus","CHPE","CLIN","Cape Lindsey",-61.107,-55.48,"Elephant Island","48.1","1","NA","NA","NA","NA","NA","NA","NA","NA","NA","NA","NA","NA","NA","NA","NA","1","NA","NA","NA","NA","NA","NA","NA","NA","NA","NA","NA","NA","NA","NA","NA","NA","NA","NA","NA","NA","NA","NA","NA","NA","NA","NA","NA","NA","NA","NA","NA","NA","1"
52,"Pygoscelis_antarcticus","CHPE","CMEL","Cape Melville",-62.022,-57.58,"South Shetland Islands","48.1","NA","NA","NA","NA","NA","NA","NA","NA","NA","NA","1","NA","NA","NA","NA","NA","1","NA","NA","NA","NA","NA","NA","NA","NA","NA","NA","NA","NA","NA","NA","NA","NA","NA","NA","NA","NA","NA","NA","NA","NA","NA","NA","NA","NA","NA","NA","NA","NA","1"
53,"Pygoscelis_antarcticus","CHPE","COBA","Cobalescou Island",-64.179,-61.652,"Central-west Antarctic Peninsula","48.1","NA","1","NA","NA","NA","NA","NA","NA","NA","NA","NA","NA","NA","NA","NA","1","NA","NA","NA","NA","NA","NA","NA","NA","NA","NA","NA","NA","NA","NA","NA","NA","NA","NA","NA","NA","NA","NA","NA","NA","NA","1","NA","NA","NA","NA","NA","NA","NA","1"
59,"Pygoscelis_antarcticus","CHPE","CPTW","Cieslak Point (west)",-62.012,-58.689,"South Shetland Islands","48.1","NA","NA","NA","NA","NA","NA","NA","NA","NA","NA","1","NA","NA","NA","NA","NA","NA","NA","NA","NA","NA","NA","NA","NA","NA","NA","NA","NA","NA","NA","NA","NA","NA","NA","NA","1","NA","NA","NA","NA","NA","NA","NA","NA","NA","NA","NA","NA","NA","NA"
67,"Pygoscelis_antarcticus","CHPE","CUVE","Cuverville Island",-64.684,-62.626,"Central-west Antarctic Peninsula","48.1","NA","1","NA","NA","NA","NA","NA","NA","NA","NA","NA","NA","NA","NA","NA","1","NA","NA","NA","NA","NA","NA","NA","NA","NA","NA","NA","NA","NA","NA","NA","NA","NA","1","NA","1","1","NA","NA","1","NA","1","NA","NA","NA","1","NA","NA","NA","NA"
69,"Pygoscelis_antarcticus","CHPE","DAVE","Davey Point",-61.9689,-58.5302,"South Shetland Islands","48.1","NA","NA","NA","NA","NA","NA","NA","NA","NA","NA","1","NA","NA","NA","NA","NA","1","NA","NA","NA","NA","NA","NA","NA","NA","NA","NA","NA","NA","NA","NA","NA","NA","NA","NA","NA","NA","NA","NA","NA","NA","NA","NA","NA","NA","NA","NA","NA","NA","NA"
73,"Pygoscelis_antarcticus","CHPE","DEMA","Demay Point",-62.2137,-58.4191,"South Shetland Islands","48.1","NA","NA","NA","NA","NA","NA","NA","1","NA","1","1","1","NA","NA","NA","1","NA","1","1","1","1","1","1","1","1","1","1","1","1","1","1","1","1","1","1","1","1","1","1","1","1","1","1","NA","NA","1","NA","NA","NA","NA"
76,"Pygoscelis_antarcticus","CHPE","DREA","Dream Island",-64.7254,-64.2256,"Central-west Antarctic Peninsula","48.1","NA","NA","NA","NA","NA","NA","NA","1","NA","NA","NA","NA","NA","1","1","1","NA","NA","NA","NA","NA","NA","NA","NA","NA","NA","NA","NA","1","NA","NA","NA","NA","NA","NA","NA","NA","NA","NA","NA","NA","NA","NA","NA","NA","NA","NA","NA","NA","NA"
77,"Pygoscelis_antarcticus","CHPE","DREW","Dream Island West (Casey Islands)",-64.73,-64.254,"Central-west Antarctic Peninsula","48.1","NA","NA","NA","NA","NA","NA","NA","NA","NA","NA","NA","NA","NA","NA","1","NA","1","NA","NA","NA","NA","NA","NA","NA","NA","NA","NA","NA","NA","NA","NA","NA","NA","NA","NA","NA","NA","NA","NA","NA","NA","NA","NA","NA","NA","NA","NA","NA","NA","NA"
78,"Pygoscelis_antarcticus","CHPE","DUPT","Duthiers Point",-64.8049,-62.8179,"Central-west Antarctic Peninsula","48.1","NA","NA","NA","NA","NA","NA","NA","NA","NA","NA","NA","NA","NA","NA","NA","1","NA","NA","1","NA","NA","NA","NA","NA","NA","NA","NA","NA","NA","NA","NA","NA","NA","NA","NA","NA","NA","NA","NA","NA","1","1","NA","1","NA","NA","NA","NA","1","NA"
82,"Pygoscelis_antarcticus","CHPE","ECKE","Eckener Point",-64.4309,-61.6042,"Central-west Antarctic Peninsula","48.1","NA","NA","NA","NA","NA","NA","NA","NA","NA","NA","NA","NA","NA","NA","NA","NA","1","NA","NA","NA","NA","NA","NA","NA","NA","NA","NA","NA","NA","NA","NA","NA","NA","NA","NA","NA","1","NA","NA","NA","NA","1","NA","NA","NA","NA","NA","NA","NA","1"
95,"Pygoscelis_antarcticus","CHPE","EMER","Emerald Cove",-61.906208,-57.682158,"South Shetland Islands","48.1","NA","NA","NA","NA","NA","NA","NA","NA","NA","NA","NA","NA","NA","NA","NA","1","1","NA","NA","NA","NA","NA","NA","NA","NA","NA","NA","NA","NA","NA","NA","NA","NA","NA","NA","NA","NA","NA","NA","NA","NA","NA","NA","NA","NA","NA","NA","NA","NA","1"
97,"Pygoscelis_antarcticus","CHPE","ENTR","Entrance Point",-62.999,-60.557,"South Shetland Islands","48.1","NA","NA","NA","NA","NA","NA","NA","NA","NA","NA","NA","NA","NA","NA","NA","NA","1","NA","NA","NA","NA","NA","NA","NA","NA","NA","NA","NA","NA","1","NA","NA","NA","NA","NA","1","1","NA","NA","NA","1","1","1","1","1","1","1","1","1","NA"
103,"Pygoscelis_antarcticus","CHPE","FERG","Ferguslie Peninsula",-60.693,-44.567,"South Orkney Islands","48.2","NA","NA","NA","NA","NA","NA","NA","NA","NA","NA","NA","NA","NA","1","NA","NA","NA","NA","NA","NA","NA","NA","NA","NA","NA","NA","NA","NA","NA","NA","NA","NA","NA","NA","1","NA","NA","NA","NA","NA","NA","NA","NA","NA","NA","NA","NA","NA","NA","NA"
104,"Pygoscelis_antarcticus","CHPE","FERR","Ferrier Peninsula",-60.715,-44.425,"South Orkney Islands","48.2","NA","NA","NA","NA","NA","NA","NA","NA","NA","NA","NA","NA","NA","1","NA","NA","NA","NA","NA","NA","NA","NA","NA","NA","1","NA","NA","NA","NA","NA","NA","NA","NA","NA","NA","NA","NA","NA","NA","NA","NA","NA","NA","NA","NA","NA","NA","NA","NA","NA"
106,"Pygoscelis_antarcticus","CHPE","FITC","Fitchie Bay",-60.714,-44.494,"South Orkney Islands","48.2","NA","NA","NA","NA","NA","NA","NA","NA","NA","NA","NA","NA","NA","1","NA","NA","NA","NA","NA","NA","NA","NA","NA","NA","1","NA","NA","NA","NA","NA","NA","NA","NA","NA","NA","NA","NA","NA","NA","NA","NA","NA","NA","NA","NA","NA","NA","NA","NA","NA"
108,"Pygoscelis_antarcticus","CHPE","FORT","Fort Point (Greenwich Island)",-62.542,-59.58,"South Shetland Islands","48.1","NA","NA","NA","NA","NA","NA","NA","NA","NA","NA","NA","NA","NA","NA","NA","NA","1","1","NA","NA","NA","NA","NA","NA","NA","NA","NA","NA","NA","1","NA","NA","NA","NA","NA","NA","NA","NA","NA","NA","NA","1","NA","NA","1","NA","1","1","1","NA"
110,"Pygoscelis_antarcticus","CHPE","FRPT","False Round Point",-61.8983,-57.9893,"South Shetland Islands","48.1","NA","NA","NA","NA","NA","NA","NA","NA","NA","NA","1","NA","NA","NA","NA","NA","1","NA","NA","NA","NA","NA","NA","NA","NA","NA","NA","NA","NA","NA","NA","NA","NA","NA","NA","NA","NA","NA","NA","NA","NA","NA","NA","NA","NA","NA","NA","NA","NA","NA"
115,"Pygoscelis_antarcticus","CHPE","GAST","Gaston Islands",-64.4848,-61.827,"Central-west Antarctic Peninsula","48.1","NA","1","NA","NA","NA","NA","NA","NA","NA","NA","NA","NA","NA","NA","NA","NA","1","NA","1","NA","NA","NA","NA","NA","NA","NA","NA","NA","NA","NA","NA","NA","NA","NA","NA","NA","NA","NA","NA","NA","1","NA","1","NA","NA","NA","NA","1","1","NA"
116,"Pygoscelis_antarcticus","CHPE","GEDD","Cape Geddes",-60.685,-44.59,"South Orkney Islands","48.2","NA","NA","NA","NA","NA","NA","NA","NA","NA","NA","NA","NA","NA","1","NA","NA","NA","NA","NA","NA","NA","NA","NA","NA","NA","NA","NA","NA","NA","NA","NA","NA","NA","NA","1","NA","NA","NA","NA","NA","NA","NA","NA","NA","NA","NA","NA","NA","NA","NA"
117,"Pygoscelis_antarcticus","CHPE","GEOR","Georges Point (Ronge Island)",-64.6694,-62.6696,"Central-west Antarctic Peninsula","48.1","NA","NA","NA","NA","NA","NA","NA","NA","NA","NA","NA","NA","NA","1","NA","NA","1","NA","1","NA","NA","NA","1","NA","1","NA","1","1","1","NA","1","NA","NA","NA","1","1","1","1","1","1","1","1","1","1","1","1","1","1","1","1"
119,"Pygoscelis_antarcticus","CHPE","GERL","Gerlache Island",-64.601,-64.214,"Central-west Antarctic Peninsula","48.1","NA","NA","NA","NA","NA","NA","NA","NA","NA","NA","NA","NA","NA","NA","1","NA","NA","NA","NA","NA","NA","NA","NA","NA","NA","NA","NA","NA","NA","NA","NA","NA","NA","NA","NA","NA","NA","NA","NA","NA","NA","NA","NA","NA","NA","NA","NA","NA","NA","1"
132,"Pygoscelis_antarcticus","CHPE","HALF","Half Moon Island",-62.596,-59.918,"South Shetland Islands","48.1","NA","NA","NA","NA","NA","NA","NA","NA","NA","NA","NA","NA","NA","NA","NA","NA","1","1","NA","NA","1","NA","NA","NA","NA","NA","1","NA","1","NA","NA","NA","NA","NA","NA","NA","NA","1","1","NA","1","1","1","1","1","1","1","NA","1","1"
133,"Pygoscelis_antarcticus","CHPE","HANN","Hannah Point",-62.6545,-60.6134,"South Shetland Islands","48.1","NA","NA","NA","NA","NA","NA","NA","NA","NA","NA","NA","NA","NA","NA","NA","NA","1","NA","NA","NA","NA","NA","NA","NA","1","1","1","1","NA","1","NA","NA","NA","NA","1","NA","NA","NA","NA","NA","1","1","NA","1","1","1","NA","NA","NA","1"
135,"Pygoscelis_antarcticus","CHPE","HARM","Harmony Point",-62.3064,-59.2425,"South Shetland Islands","48.1","NA","1","NA","NA","NA","NA","NA","NA","NA","NA","NA","NA","NA","NA","NA","NA","1","NA","1","NA","NA","NA","NA","NA","NA","1","NA","NA","NA","NA","NA","NA","NA","NA","NA","NA","NA","NA","NA","NA","NA","NA","NA","1","NA","NA","NA","NA","NA","NA"
141,"Pygoscelis_antarcticus","CHPE","HUMB","Humble Island",-64.7647,-64.0875,"Central-west Antarctic Peninsula","48.1","NA","NA","NA","NA","NA","NA","NA","NA","NA","NA","NA","NA","NA","NA","NA","1","NA","NA","NA","NA","NA","NA","NA","NA","NA","NA","NA","NA","NA","NA","NA","NA","NA","NA","NA","NA","NA","NA","NA","NA","NA","1","NA","NA","NA","NA","NA","NA","NA","NA"
144,"Pygoscelis_antarcticus","CHPE","HYDR","Hydrurga Rocks",-64.1454,-61.6259,"Central-west Antarctic Peninsula","48.1","NA","NA","NA","NA","NA","NA","NA","NA","NA","NA","NA","NA","NA","NA","NA","1","NA","NA","NA","NA","NA","NA","NA","NA","NA","NA","1","NA","NA","NA","1","NA","1","NA","NA","NA","NA","1","1","NA","NA","NA","NA","NA","NA","NA","1","NA","NA","1"
148,"Pygoscelis_antarcticus","CHPE","IOLB","Isles of Litwin Bay",-61.99,-58.569,"South Shetland Islands","48.1","NA","NA","NA","NA","NA","NA","NA","NA","NA","NA","1","NA","NA","NA","NA","NA","NA","NA","NA","NA","NA","NA","NA","NA","NA","NA","NA","NA","NA","NA","NA","NA","NA","NA","NA","1","NA","NA","NA","NA","NA","NA","NA","NA","NA","NA","NA","NA","NA","NA"
156,"Pygoscelis_antarcticus","CHPE","JOUB","Joubin Islands",-64.7744,-64.3992,"Central-west Antarctic Peninsula","48.1","NA","NA","NA","NA","NA","NA","NA","NA","NA","1","NA","NA","1","1","1","NA","1","NA","NA","NA","NA","NA","NA","NA","NA","NA","NA","NA","NA","NA","NA","NA","NA","NA","NA","NA","NA","NA","NA","NA","NA","NA","NA","NA","NA","NA","NA","NA","NA","NA"
161,"Pygoscelis_antarcticus","CHPE","KELL","Kellick Island",-61.9186,-58.3928,"South Shetland Islands","48.1","NA","NA","NA","NA","NA","NA","NA","NA","NA","NA","1","NA","NA","NA","NA","NA","1","NA","NA","NA","NA","NA","NA","NA","NA","NA","NA","NA","NA","NA","NA","NA","NA","NA","NA","1","NA","NA","NA","NA","NA","NA","NA","NA","NA","NA","NA","NA","NA","NA"
169,"Pygoscelis_antarcticus","CHPE","LION","Lions Rump",-62.1331,-58.1229,"South Shetland Islands","48.1","NA","NA","NA","NA","NA","NA","NA","NA","NA","NA","1","1","NA","NA","NA","NA","1","NA","NA","NA","NA","NA","NA","NA","1","1","1","NA","NA","NA","NA","NA","NA","NA","NA","NA","NA","NA","1","1","1","NA","NA","NA","NA","NA","NA","NA","NA","NA"
170,"Pygoscelis_antarcticus","CHPE","LITW","Litwin Bay (southwest of Davey Point)",-61.987,-58.565,"South Shetland Islands","48.1","NA","NA","NA","NA","NA","NA","NA","NA","NA","NA","1","NA","NA","NA","NA","NA","NA","NA","NA","NA","NA","NA","NA","NA","NA","NA","NA","NA","NA","NA","NA","NA","NA","NA","NA","1","NA","NA","NA","NA","NA","NA","NA","NA","NA","NA","NA","NA","NA","NA"
171,"Pygoscelis_antarcticus","CHPE","LLAN","Llano Point",-62.176,-58.446,"South Shetland Islands","48.1","NA","NA","NA","NA","NA","NA","NA","1","NA","1","1","1","1","NA","1","1","1","1","1","1","1","1","1","1","1","1","1","1","1","1","1","1","1","1","1","1","1","1","1","1","1","1","1","NA","NA","1","NA","NA","NA","NA"
181,"Pygoscelis_antarcticus","CHPE","MART","Point Martin",-60.768,-44.719,"South Orkney Islands","48.2","NA","NA","NA","NA","NA","NA","NA","NA","NA","NA","NA","NA","NA","1","NA","NA","NA","NA","NA","NA","NA","NA","NA","NA","1","NA","NA","NA","NA","NA","NA","NA","NA","NA","NA","NA","NA","NA","NA","NA","NA","NA","NA","NA","NA","NA","NA","NA","NA","NA"
191,"Pygoscelis_antarcticus","CHPE","MIDA","Midas Island",-64.1685,-61.1008,"Central-west Antarctic Peninsula","48.1","NA","1","NA","NA","NA","NA","NA","NA","NA","NA","NA","NA","NA","NA","NA","NA","1","NA","NA","NA","NA","NA","NA","NA","NA","NA","NA","1","NA","NA","NA","NA","NA","NA","NA","NA","NA","NA","NA","NA","1","NA","NA","NA","NA","1","NA","NA","NA","NA"
208,"Pygoscelis_antarcticus","CHPE","NANC","Nancy Rock",-62.23,-59.099,"South Shetland Islands","48.1","NA","NA","NA","NA","NA","NA","NA","NA","NA","1","NA","NA","NA","NA","1","NA","1","NA","NA","NA","NA","NA","NA","NA","NA","NA","NA","NA","NA","NA","NA","NA","NA","NA","NA","NA","NA","NA","NA","NA","NA","NA","NA","NA","NA","NA","1","NA","NA","NA"
213,"Pygoscelis_antarcticus","CHPE","NFOR","North Foreland",-61.8928,-57.688,"South Shetland Islands","48.1","NA","NA","NA","NA","NA","NA","NA","NA","NA","NA","1","NA","NA","NA","NA","NA","1","NA","NA","NA","NA","NA","NA","NA","NA","NA","NA","NA","NA","NA","NA","NA","NA","NA","NA","NA","NA","NA","NA","NA","NA","NA","NA","NA","NA","NA","NA","NA","NA","1"
215,"Pygoscelis_antarcticus","CHPE","NOPT","North Point",-60.672,-45.626,"South Orkney Islands","48.2","NA","NA","NA","NA","NA","NA","NA","NA","1","NA","NA","NA","NA","NA","NA","NA","NA","NA","NA","NA","NA","NA","NA","NA","NA","NA","NA","NA","NA","NA","NA","NA","NA","NA","NA","NA","NA","NA","NA","NA","NA","NA","NA","NA","NA","1","NA","NA","NA","NA"
224,"Pygoscelis_antarcticus","CHPE","ORNE","Orne Islands",-64.662,-62.673,"Central-west Antarctic Peninsula","48.1","NA","NA","NA","NA","NA","NA","NA","NA","NA","NA","NA","NA","NA","1","NA","NA","1","NA","NA","NA","NA","NA","1","NA","1","1","1","1","1","1","1","1","1","NA","NA","1","1","1","1","1","1","NA","1","1","1","1","1","1","NA","NA"
226,"Pygoscelis_antarcticus","CHPE","OWEN","Owen Island",-61.9332,-58.3886,"South Shetland Islands","48.1","NA","NA","NA","NA","NA","NA","NA","NA","NA","NA","1","NA","NA","NA","NA","NA","1","NA","NA","NA","NA","NA","NA","NA","NA","NA","NA","NA","NA","NA","NA","NA","NA","NA","NA","1","NA","NA","NA","NA","NA","NA","NA","NA","NA","NA","NA","NA","NA","NA"
229,"Pygoscelis_antarcticus","CHPE","PAND","Pandemonium Point",-60.736,-45.648,"South Orkney Islands","48.2","NA","NA","NA","NA","NA","NA","NA","NA","1","NA","NA","NA","NA","NA","NA","NA","NA","NA","NA","NA","NA","NA","NA","NA","NA","NA","NA","NA","NA","NA","NA","NA","NA","NA","NA","NA","NA","NA","NA","1","NA","NA","NA","NA","NA","NA","NA","NA","NA","NA"
231,"Pygoscelis_antarcticus","CHPE","PAPT","Patelnia Point",-62.235,-58.472,"South Shetland Islands","48.1","NA","NA","NA","NA","NA","NA","NA","1","NA","1","1","1","NA","NA","NA","NA","1","NA","1","1","1","1","1","1","1","1","1","1","1","1","1","1","1","1","1","1","1","1","1","1","1","1","1","NA","NA","1","NA","NA","NA","NA"
232,"Pygoscelis_antarcticus","CHPE","PCHA","Port Charcot",-65.067,-64.026,"Central-west Antarctic Peninsula","48.1","NA","NA","NA","NA","NA","NA","NA","NA","NA","NA","NA","NA","1","NA","NA","1","NA","NA","NA","NA","1","NA","NA","NA","NA","NA","NA","NA","NA","NA","1","1","NA","NA","NA","1","1","1","1","1","1","NA","1","1","1","1","1","1","NA","1"
233,"Pygoscelis_antarcticus","CHPE","PCOR","Point Cormorant",-60.756314,-44.732219,"South Orkney Islands","48.2","NA","NA","NA","NA","NA","NA","NA","NA","NA","NA","NA","NA","NA","NA","NA","NA","NA","NA","NA","NA","NA","NA","NA","NA","1","NA","NA","NA","NA","NA","NA","NA","NA","NA","1","NA","NA","NA","NA","NA","NA","NA","NA","NA","NA","NA","NA","NA","NA","NA"
234,"Pygoscelis_antarcticus","CHPE","PENG","Penguin Island",-62.102,-57.9269,"South Shetland Islands","48.1","NA","NA","NA","NA","NA","NA","NA","NA","NA","1","1","NA","NA","NA","NA","NA","NA","NA","NA","NA","NA","NA","NA","NA","NA","NA","NA","NA","NA","1","1","NA","NA","1","NA","NA","NA","NA","1","NA","1","NA","1","NA","NA","NA","NA","1","NA","NA"
235,"Pygoscelis_antarcticus","CHPE","PETE","Petermann Island",-65.176,-64.137,"Central-west Antarctic Peninsula","48.1","NA","NA","NA","NA","NA","NA","NA","NA","NA","NA","NA","NA","1","NA","NA","NA","NA","NA","NA","NA","NA","NA","NA","NA","NA","NA","NA","NA","NA","NA","NA","NA","NA","NA","1","1","1","1","1","1","1","NA","1","1","1","NA","NA","NA","NA","NA"
237,"Pygoscelis_antarcticus","CHPE","PING","Pinguino Island",-64.1435,-60.9857,"Central-west Antarctic Peninsula","48.1","NA","NA","NA","NA","NA","NA","NA","NA","NA","NA","NA","NA","NA","1","NA","NA","NA","NA","NA","NA","NA","NA","NA","NA","NA","NA","NA","1","NA","NA","NA","NA","NA","NA","NA","NA","NA","NA","NA","NA","1","NA","1","1","1","1","1","1","1","NA"
238,"Pygoscelis_antarcticus","CHPE","PIRI","Pirie Peninsula",-60.69,-44.662,"South Orkney Islands","48.2","NA","NA","NA","NA","NA","NA","NA","NA","NA","NA","NA","NA","NA","1","NA","NA","NA","NA","NA","NA","NA","NA","NA","NA","NA","NA","NA","NA","NA","NA","NA","NA","NA","NA","1","NA","NA","NA","NA","NA","NA","NA","NA","NA","NA","NA","NA","NA","NA","NA"
241,"Pygoscelis_antarcticus","CHPE","POPO","Pottinger Point",-61.9325,-58.3582,"South Shetland Islands","48.1","NA","NA","NA","NA","NA","NA","NA","NA","NA","NA","1","NA","NA","NA","NA","NA","1","NA","NA","NA","NA","NA","NA","NA","NA","NA","NA","NA","NA","NA","NA","NA","NA","NA","NA","NA","NA","NA","NA","NA","NA","NA","NA","NA","NA","NA","NA","NA","NA","NA"
242,"Pygoscelis_antarcticus","CHPE","PORT","Porteous Point",-60.724,-45.675,"South Orkney Islands","48.2","NA","NA","NA","NA","NA","NA","NA","NA","1","NA","NA","NA","NA","NA","NA","NA","NA","NA","NA","NA","NA","NA","NA","NA","NA","NA","NA","NA","NA","NA","NA","NA","NA","NA","NA","NA","NA","NA","NA","1","NA","NA","NA","NA","NA","NA","NA","NA","NA","NA"
246,"Pygoscelis_antarcticus","CHPE","PRES","President Head (Snow Island)",-62.7255,-61.2001,"South Shetland Islands","48.1","NA","NA","NA","NA","NA","NA","NA","NA","NA","NA","NA","NA","NA","NA","NA","NA","NA","1","NA","NA","NA","NA","NA","NA","NA","NA","NA","NA","NA","NA","NA","NA","NA","NA","NA","1","NA","1","NA","NA","NA","1","NA","NA","NA","NA","NA","NA","NA","NA"
247,"Pygoscelis_antarcticus","CHPE","PTHO","Point Thomas",-62.1631,-58.4615,"South Shetland Islands","48.1","NA","NA","NA","NA","NA","NA","NA","NA","NA","1","1","1","NA","NA","NA","NA","NA","NA","1","1","1","NA","1","NA","1","1","1","NA","NA","NA","NA","NA","NA","NA","NA","NA","1","NA","NA","NA","NA","NA","NA","NA","NA","NA","NA","NA","NA","NA"
248,"Pygoscelis_antarcticus","CHPE","PTWD","Point Wordie",-61.245,-55.328,"Elephant Island","48.1","1","NA","NA","NA","NA","NA","NA","NA","NA","NA","NA","NA","NA","NA","NA","NA","NA","NA","NA","NA","NA","NA","NA","NA","NA","NA","NA","NA","NA","NA","NA","NA","NA","NA","NA","NA","NA","NA","NA","NA","NA","NA","NA","NA","NA","NA","NA","NA","NA","1"
265,"Pygoscelis_antarcticus","CHPE","RUDM","Rudmose Rocks",-60.676,-44.602,"South Orkney Islands","48.2","NA","NA","NA","NA","NA","NA","NA","NA","NA","NA","NA","NA","NA","1","NA","NA","NA","NA","NA","NA","NA","NA","NA","NA","NA","NA","NA","NA","NA","NA","NA","NA","NA","NA","1","NA","NA","NA","NA","NA","NA","NA","NA","NA","NA","NA","NA","NA","NA","NA"
268,"Pygoscelis_antarcticus","CHPE","SABR","Sabrina Island",-66.91678,163.3085,"Victoria Land","88.1","NA","NA","NA","NA","NA","NA","NA","NA","NA","NA","NA","NA","NA","NA","NA","NA","NA","NA","NA","NA","NA","NA","NA","NA","NA","NA","NA","NA","NA","NA","1","NA","NA","NA","NA","NA","NA","NA","NA","NA","NA","NA","NA","1","NA","NA","NA","NA","NA","NA"
276,"Pygoscelis_antarcticus","CHPE","SELV","Selvick Cove",-64.6405,-62.5691,"Central-west Antarctic Peninsula","48.1","NA","NA","NA","NA","NA","NA","NA","NA","NA","NA","NA","NA","NA","NA","NA","NA","NA","NA","NA","NA","NA","NA","NA","NA","NA","NA","NA","NA","NA","NA","NA","NA","NA","NA","NA","NA","NA","1","NA","1","NA","1","1","1","1","1","1","1","1","1"
281,"Pygoscelis_antarcticus","CHPE","SHIR","Cape Shirreff",-62.4575,-60.7874,"South Shetland Islands","48.1","NA","NA","NA","NA","NA","NA","NA","NA","NA","NA","NA","NA","NA","NA","NA","NA","1","NA","NA","NA","NA","NA","NA","NA","NA","NA","1","1","1","1","1","1","1","1","1","1","1","1","1","1","1","1","1","1","1","1","1","1","NA","NA"
282,"Pygoscelis_antarcticus","CHPE","SHIS","Shag Island",-62.185,-58.297,"South Shetland Islands","48.1","NA","NA","NA","NA","NA","NA","NA","NA","NA","NA","1","NA","NA","NA","NA","NA","NA","NA","NA","NA","NA","NA","NA","NA","NA","NA","NA","NA","NA","NA","NA","NA","NA","NA","1","NA","NA","NA","NA","NA","NA","NA","NA","NA","NA","NA","NA","NA","NA","NA"
291,"Pygoscelis_antarcticus","CHPE","SPIG","Spigot Peak Ridge",-64.635,-62.554,"Central-west Antarctic Peninsula","48.1","NA","NA","NA","NA","NA","NA","NA","NA","NA","NA","NA","NA","1","NA","NA","NA","NA","NA","NA","NA","NA","NA","1","NA","NA","NA","NA","NA","NA","NA","NA","NA","NA","NA","NA","NA","NA","1","1","1","1","1","1","1","1","1","1","NA","NA","NA"
293,"Pygoscelis_antarcticus","CHPE","SPIP","Spigot Peak Point",-64.625,-62.558,"Central-west Antarctic Peninsula","48.1","NA","NA","NA","NA","NA","NA","NA","NA","NA","NA","NA","NA","NA","NA","NA","NA","NA","NA","NA","NA","NA","NA","1","NA","NA","NA","NA","NA","NA","NA","NA","NA","NA","NA","NA","NA","NA","1","NA","1","1","NA","1","1","1","1","1","NA","1","NA"
296,"Pygoscelis_antarcticus","CHPE","SPRI","Sprightly Islands Vicinity",-64.283,-61.072,"Central-west Antarctic Peninsula","48.1","NA","NA","NA","NA","NA","NA","NA","NA","NA","NA","NA","NA","NA","1","NA","NA","NA","NA","NA","NA","1","NA","NA","NA","NA","NA","NA","1","NA","NA","NA","NA","NA","NA","NA","NA","NA","NA","NA","NA","1","NA","NA","NA","NA","NA","NA","NA","NA","NA"
298,"Pygoscelis_antarcticus","CHPE","SPTR","Spigot Peak Tripod",-64.6358,-62.5622,"Central-west Antarctic Peninsula","48.1","NA","NA","NA","NA","NA","NA","NA","NA","NA","NA","NA","NA","NA","NA","NA","NA","NA","NA","NA","NA","NA","NA","NA","NA","NA","NA","NA","NA","NA","NA","NA","NA","NA","NA","NA","NA","NA","1","NA","1","NA","1","1","1","1","1","1","1","1","NA"
302,"Pygoscelis_antarcticus","CHPE","STER","Sterneck Island",-64.191972,-61.049022,"Central-west Antarctic Peninsula","48.1","NA","NA","NA","NA","NA","NA","NA","NA","NA","NA","NA","NA","NA","NA","NA","NA","1","NA","NA","NA","NA","NA","NA","NA","NA","NA","NA","1","NA","NA","NA","NA","NA","NA","NA","NA","NA","NA","NA","NA","1","NA","NA","NA","NA","1","NA","NA","NA","NA"
303,"Pygoscelis_antarcticus","CHPE","STIG","Stigant Point",-62.023,-58.7185,"South Shetland Islands","48.1","NA","NA","NA","NA","NA","NA","NA","NA","NA","NA","1","NA","NA","NA","NA","NA","1","NA","NA","NA","NA","NA","NA","NA","NA","NA","NA","NA","NA","NA","NA","NA","NA","NA","NA","NA","NA","NA","NA","NA","NA","NA","NA","NA","NA","NA","1","NA","NA","NA"
305,"Pygoscelis_antarcticus","CHPE","STRA","Stranger Point",-62.26,-58.6161,"South Shetland Islands","48.1","NA","1","NA","NA","NA","NA","NA","NA","NA","NA","1","NA","NA","NA","1","1","1","NA","1","NA","NA","NA","NA","NA","NA","NA","NA","NA","NA","NA","NA","NA","NA","NA","NA","NA","NA","NA","NA","NA","NA","NA","NA","NA","NA","NA","NA","NA","NA","1"
306,"Pygoscelis_antarcticus","CHPE","TART","Tartar Point",-61.930778,-58.436472,"South Shetland Islands","48.1","NA","NA","NA","NA","NA","NA","NA","NA","NA","NA","1","NA","NA","NA","NA","NA","1","NA","NA","NA","NA","NA","NA","NA","NA","NA","NA","NA","NA","NA","NA","NA","NA","NA","NA","1","NA","NA","NA","NA","NA","NA","NA","NA","NA","NA","NA","NA","NA","NA"
308,"Pygoscelis_antarcticus","CHPE","TAYL","Taylor Point",-61.933,-57.642,"South Shetland Islands","48.1","NA","NA","NA","NA","NA","NA","NA","NA","NA","NA","1","NA","NA","NA","NA","NA","1","NA","NA","NA","NA","NA","NA","NA","NA","NA","NA","NA","NA","NA","NA","NA","NA","NA","NA","NA","NA","NA","NA","NA","NA","NA","NA","NA","NA","NA","NA","NA","NA","1"
315,"Pygoscelis_antarcticus","CHPE","TORG","Torgersen Island",-64.7731,-64.0741,"Central-west Antarctic Peninsula","48.1","NA","1","NA","NA","NA","NA","NA","NA","NA","NA","NA","NA","NA","NA","NA","NA","NA","NA","NA","NA","NA","NA","NA","NA","NA","NA","NA","NA","NA","NA","NA","NA","NA","NA","NA","NA","NA","NA","1","NA","NA","NA","NA","NA","NA","NA","NA","NA","NA","NA"
320,"Pygoscelis_antarcticus","CHPE","TROW","Trowbridge Islands",-61.996,-57.6304,"South Shetland Islands","48.1","NA","NA","NA","NA","NA","NA","NA","NA","NA","NA","1","NA","NA","NA","NA","NA","1","NA","NA","NA","NA","NA","NA","NA","NA","NA","NA","NA","NA","NA","NA","NA","NA","NA","NA","NA","NA","NA","NA","NA","NA","NA","NA","NA","NA","NA","NA","NA","NA","1"
322,"Pygoscelis_antarcticus","CHPE","TTOE","The Toe",-62.3277,-59.1669,"South Shetland Islands","48.1","NA","1","NA","NA","NA","NA","NA","NA","NA","NA","NA","NA","NA","NA","NA","NA","1","NA","NA","NA","NA","NA","NA","NA","NA","NA","NA","NA","NA","NA","NA","NA","NA","NA","NA","NA","NA","NA","NA","NA","NA","NA","NA","1","NA","NA","NA","NA","NA","NA"
325,"Pygoscelis_antarcticus","CHPE","TURR","Turret Point (King George Island)",-62.0875,-57.9514,"South Shetland Islands","48.1","NA","NA","NA","NA","NA","NA","NA","NA","NA","NA","1","NA","NA","NA","NA","NA","1","NA","NA","NA","NA","NA","NA","NA","NA","NA","NA","NA","NA","NA","NA","NA","NA","NA","NA","NA","1","NA","1","NA","1","NA","1","1","NA","1","1","1","NA","NA"
329,"Pygoscelis_antarcticus","CHPE","UCHA","Uchatka Point",-62.22,-58.439,"South Shetland Islands","48.1","NA","NA","NA","NA","NA","NA","NA","1","NA","1","1","1","NA","NA","NA","1","NA","1","1","1","1","1","1","1","1","1","1","1","1","1","1","1","1","1","1","1","1","1","1","1","1","1","1","1","NA","1","NA","NA","NA","NA"
332,"Pygoscelis_antarcticus","CHPE","USEF","Useful Island",-64.717,-62.864,"Central-west Antarctic Peninsula","48.1","NA","NA","NA","NA","NA","NA","NA","NA","NA","NA","NA","NA","NA","1","NA","NA","NA","NA","NA","NA","NA","NA","NA","NA","NA","NA","NA","NA","NA","NA","NA","NA","NA","NA","1","NA","NA","1","1","1","1","NA","NA","NA","NA","1","NA","NA","NA","1"
341,"Pygoscelis_antarcticus","CHPE","WATE","Waterboat Point",-64.8236,-62.8581,"Central-west Antarctic Peninsula","48.1","NA","NA","NA","NA","NA","NA","NA","NA","NA","NA","NA","NA","NA","NA","NA","1","NA","NA","NA","1","NA","NA","NA","NA","1","1","NA","1","1","NA","NA","NA","NA","NA","1","NA","NA","NA","1","NA","1","1","1","1","1","1","1","NA","NA","NA"
343,"Pygoscelis_antarcticus","CHPE","WEEK","Weeks Stack",-62.234,-59.057,"South Shetland Islands","48.1","NA","NA","NA","NA","NA","NA","NA","NA","NA","NA","NA","NA","NA","NA","1","NA","1","NA","NA","NA","NA","1","NA","NA","NA","NA","NA","NA","NA","NA","NA","NA","NA","NA","NA","NA","NA","NA","NA","NA","NA","NA","NA","NA","NA","NA","1","NA","1","NA"
350,"Pygoscelis_antarcticus","CHPE","WITH","Withem Island",-62.2352,-59.1381,"South Shetland Islands","48.1","NA","NA","NA","NA","NA","NA","NA","NA","NA","1","NA","NA","NA","NA","1","NA","1","NA","NA","NA","NA","NA","NA","NA","NA","NA","NA","NA","NA","NA","NA","NA","NA","NA","NA","NA","NA","NA","NA","NA","NA","NA","NA","1","NA","NA","1","NA","NA","NA"
1,"Pygoscelis_papua","GEPE","AITC","Barrientos Island (Aitcho Islands)",-62.4071,-59.7517,"South Shetland Islands","48.1","NA","NA","NA","NA","NA","NA","NA","NA","NA","NA","NA","NA","NA","NA","NA","NA","NA","NA","NA","NA","NA","NA","NA","NA","NA","NA","NA","NA","NA","1","NA","1","NA","1","NA","1","1","1","1","1","1","1","NA","1","1","1","NA","1","1","NA"
2,"Pygoscelis_papua","GEPE","ALMI","Brown Station",-64.895556,-62.870278,"Central-west Antarctic Peninsula","48.1","NA","NA","NA","NA","NA","NA","NA","NA","NA","NA","NA","NA","NA","NA","NA","NA","NA","NA","NA","NA","NA","NA","NA","NA","NA","1","1","1","NA","NA","NA","NA","NA","NA","NA","1","1","1","1","1","NA","1","1","1","1","1","1","1","1","1"
4,"Pygoscelis_papua","GEPE","ARDL","Ardley Island",-62.213,-58.933,"South Shetland Islands","48.1","NA","NA","NA","NA","NA","NA","NA","NA","NA","1","1","1","NA","1","1","1","1","NA","NA","NA","NA","NA","NA","NA","1","1","1","1","1","1","1","1","1","1","1","1","NA","NA","NA","NA","NA","NA","NA","NA","NA","NA","NA","NA","NA","NA"
6,"Pygoscelis_papua","GEPE","BART","Barton Peninsula",-62.224,-58.791,"South Shetland Islands","48.1","NA","NA","NA","NA","NA","NA","NA","NA","NA","NA","NA","NA","NA","NA","1","1","1","NA","NA","1","NA","NA","1","NA","1","NA","NA","NA","NA","NA","1","1","NA","NA","NA","NA","1","1","1","1","1","1","1","1","NA","NA","NA","NA","NA","NA"
7,"Pygoscelis_papua","GEPE","BENE","Beneden Head",-64.7671,-62.701,"Central-west Antarctic Peninsula","48.1","NA","NA","NA","NA","NA","NA","NA","NA","NA","NA","NA","NA","NA","NA","NA","1","NA","NA","NA","NA","NA","NA","NA","NA","NA","NA","NA","NA","NA","NA","NA","NA","NA","NA","NA","NA","1","1","1","NA","NA","1","NA","1","1","1","NA","NA","NA","NA"
8,"Pygoscelis_papua","GEPE","BISC","Biscoe Point",-64.8114,-63.7775,"Central-west Antarctic Peninsula","48.1","NA","NA","NA","NA","NA","NA","NA","NA","NA","NA","NA","NA","NA","NA","1","NA","NA","NA","NA","NA","NA","NA","NA","NA","1","1","1","1","1","1","1","1","1","1","1","1","1","NA","NA","1","1","1","1","NA","NA","NA","NA","NA","NA","NA"
11,"Pygoscelis_papua","GEPE","BROW","Brown Bluff",-63.5222,-56.905,"Northeast Antarctic Peninsula","48.1","NA","NA","NA","NA","NA","NA","NA","NA","NA","NA","NA","NA","NA","NA","NA","NA","NA","NA","NA","NA","NA","NA","NA","NA","NA","1","NA","NA","NA","1","1","1","1","1","1","1","1","1","1","1","1","NA","1","1","1","1","1","1","1","1"
12,"Pygoscelis_papua","GEPE","BRYE","Bryde Island East",-64.889722,-62.927222,"Central-west Antarctic Peninsula","48.1","NA","NA","NA","NA","NA","NA","NA","NA","NA","NA","NA","NA","NA","NA","NA","1","NA","NA","NA","NA","NA","NA","NA","NA","NA","NA","NA","NA","NA","NA","NA","NA","NA","NA","NA","NA","1","NA","1","1","1","1","1","1","1","1","1","1","1","1"
13,"Pygoscelis_papua","GEPE","BRYS","Bryde Island South",-64.901111,-62.950833,"Central-west Antarctic Peninsula","48.1","NA","NA","NA","NA","NA","NA","NA","NA","NA","NA","NA","NA","NA","NA","NA","NA","1","NA","NA","NA","NA","NA","NA","NA","NA","NA","NA","NA","NA","NA","NA","NA","NA","NA","NA","NA","1","NA","1","1","1","1","1","1","1","1","1","1","1","1"
15,"Pygoscelis_papua","GEPE","CHPT","Charles Point",-64.236,-61,"Central-west Antarctic Peninsula","48.1","NA","NA","NA","NA","NA","NA","NA","NA","NA","NA","NA","NA","NA","NA","NA","NA","1","NA","NA","NA","NA","NA","NA","NA","NA","NA","NA","1","NA","NA","NA","NA","NA","NA","NA","NA","NA","NA","NA","NA","1","NA","NA","NA","NA","NA","NA","NA","NA","NA"
17,"Pygoscelis_papua","GEPE","CIER","Cierva Point",-64.157,-60.96,"Central-west Antarctic Peninsula","48.1","NA","NA","NA","NA","NA","NA","NA","NA","NA","NA","NA","NA","NA","NA","NA","NA","NA","NA","NA","NA","NA","1","1","1","1","1","1","1","NA","NA","NA","NA","NA","NA","NA","NA","NA","NA","NA","NA","1","NA","NA","NA","1","NA","NA","NA","NA","NA"
18,"Pygoscelis_papua","GEPE","CUVE","Cuverville Island",-64.684,-62.626,"Central-west Antarctic Peninsula","48.1","NA","NA","NA","NA","NA","NA","NA","NA","NA","NA","NA","NA","NA","NA","NA","1","NA","NA","1","NA","NA","NA","1","1","1","NA","NA","NA","NA","NA","NA","NA","NA","1","NA","1","1","NA","1","1","1","1","1","1","1","1","1","1","1","1"
19,"Pygoscelis_papua","GEPE","DAMO","Dorian Bay/Damoy Point",-64.8149,-63.4968,"Central-west Antarctic Peninsula","48.1","NA","NA","NA","NA","NA","NA","NA","NA","NA","NA","NA","NA","1","1","NA","NA","1","NA","1","NA","1","NA","NA","NA","NA","NA","NA","NA","1","NA","NA","NA","1","NA","1","1","NA","1","1","1","1","1","1","1","1","1","1","1","1","NA"
20,"Pygoscelis_papua","GEPE","DANC","Danco Island",-64.734,-62.5938,"Central-west Antarctic Peninsula","48.1","NA","NA","NA","NA","NA","NA","NA","NA","NA","NA","NA","NA","NA","NA","NA","1","NA","NA","NA","NA","NA","NA","1","NA","1","NA","NA","NA","NA","1","NA","NA","NA","NA","NA","NA","1","1","1","1","1","1","1","1","1","1","1","1","1","NA"
21,"Pygoscelis_papua","GEPE","DOBE","Dorian Beacon",-64.811111,-63.511389,"Central-west Antarctic Peninsula","48.1","NA","NA","NA","NA","NA","NA","NA","NA","NA","NA","NA","NA","NA","NA","NA","NA","NA","NA","NA","NA","NA","NA","NA","NA","NA","NA","NA","NA","NA","NA","NA","NA","NA","NA","1","1","NA","1","1","1","1","1","1","1","1","1","1","1","1","NA"
22,"Pygoscelis_papua","GEPE","DUPT","Duthiers Point",-64.8049,-62.8179,"Central-west Antarctic Peninsula","48.1","NA","NA","NA","NA","NA","NA","NA","NA","NA","NA","NA","NA","NA","NA","NA","NA","NA","NA","NA","NA","NA","NA","NA","NA","NA","NA","NA","NA","NA","NA","NA","NA","NA","NA","NA","NA","NA","NA","NA","NA","1","1","NA","1","NA","NA","NA","NA","1","NA"
26,"Pygoscelis_papua","GEPE","FORT","Fort Point (Greenwich Island)",-62.542,-59.58,"South Shetland Islands","48.1","NA","NA","NA","NA","NA","NA","NA","NA","NA","NA","NA","NA","NA","NA","NA","NA","NA","NA","NA","NA","NA","NA","NA","NA","NA","NA","NA","NA","NA","1","NA","NA","NA","NA","NA","NA","NA","NA","NA","NA","NA","1","NA","NA","1","NA","1","1","1","NA"
27,"Pygoscelis_papua","GEPE","GALE","Galindez Island East",-65.2476,-64.2399,"Central-west Antarctic Peninsula","48.1","NA","NA","NA","NA","NA","NA","NA","NA","NA","NA","NA","NA","NA","NA","NA","NA","NA","NA","NA","NA","NA","NA","NA","NA","NA","NA","NA","NA","NA","1","NA","NA","NA","NA","NA","NA","NA","NA","1","NA","NA","NA","1","1","1","NA","NA","NA","NA","NA"
29,"Pygoscelis_papua","GEPE","GEOR","Georges Point (Ronge Island)",-64.6694,-62.6696,"Central-west Antarctic Peninsula","48.1","NA","NA","NA","NA","NA","NA","NA","NA","NA","NA","NA","NA","NA","NA","NA","NA","NA","NA","1","NA","NA","NA","1","NA","1","NA","NA","NA","NA","NA","NA","NA","NA","NA","1","1","NA","1","1","1","1","1","1","1","1","1","1","1","1","1"
30,"Pygoscelis_papua","GEPE","GERL","Gerlache Island",-64.601,-64.214,"Central-west Antarctic Peninsula","48.1","NA","NA","NA","NA","NA","NA","NA","NA","1","NA","NA","NA","NA","NA","1","NA","NA","NA","NA","NA","NA","NA","NA","NA","NA","NA","NA","NA","NA","NA","NA","NA","NA","NA","NA","NA","NA","NA","NA","NA","NA","NA","NA","NA","NA","NA","NA","NA","NA","1"
31,"Pygoscelis_papua","GEPE","GLAN","Glandaz Point",-65.0911,-63.9591,"Central-west Antarctic Peninsula","48.1","NA","NA","NA","NA","NA","NA","NA","NA","NA","NA","NA","NA","1","NA","NA","NA","NA","NA","NA","NA","NA","NA","NA","NA","NA","NA","NA","NA","NA","NA","NA","NA","NA","NA","NA","NA","1","1","1","NA","1","NA","1","NA","1","NA","NA","NA","NA","1"
38,"Pygoscelis_papua","GEPE","HANN","Hannah Point",-62.6545,-60.6134,"South Shetland Islands","48.1","NA","NA","NA","NA","NA","NA","NA","NA","NA","NA","NA","NA","NA","NA","NA","NA","NA","1","NA","NA","NA","NA","NA","NA","NA","NA","1","1","NA","NA","NA","NA","NA","NA","1","NA","NA","NA","NA","NA","1","NA","NA","1","NA","1","NA","NA","NA","1"
39,"Pygoscelis_papua","GEPE","HARM","Harmony Point",-62.3064,-59.2425,"South Shetland Islands","48.1","NA","NA","NA","NA","NA","NA","NA","NA","NA","NA","NA","NA","NA","NA","NA","NA","NA","NA","1","NA","NA","NA","NA","NA","NA","1","NA","NA","NA","NA","NA","NA","NA","NA","NA","NA","NA","NA","NA","NA","NA","NA","NA","NA","NA","NA","NA","NA","NA","NA"
40,"Pygoscelis_papua","GEPE","HERO","Heroina Island",-63.3944,-54.6083,"Northeast Antarctic Peninsula","48.1","NA","NA","NA","NA","NA","NA","NA","NA","NA","NA","NA","NA","NA","NA","NA","NA","NA","NA","NA","NA","NA","NA","NA","NA","NA","NA","1","NA","NA","NA","NA","NA","NA","NA","NA","1","NA","NA","1","NA","NA","NA","NA","NA","NA","1","NA","NA","NA","NA"
41,"Pygoscelis_papua","GEPE","HOPE","Hope Bay",-63.3972,-56.9978,"Northeast Antarctic Peninsula","48.1","NA","NA","NA","NA","NA","NA","NA","NA","NA","NA","NA","NA","NA","NA","NA","NA","NA","NA","NA","NA","NA","NA","NA","NA","NA","NA","NA","NA","NA","NA","NA","NA","NA","NA","NA","NA","NA","NA","NA","NA","NA","NA","NA","NA","1","NA","NA","1","NA","NA"
44,"Pygoscelis_papua","GEPE","HUMP","Humphries Heights",-65.0557,-63.8637,"Central-west Antarctic Peninsula","48.1","NA","NA","NA","NA","NA","NA","NA","NA","NA","NA","NA","NA","1","NA","NA","NA","NA","NA","NA","NA","NA","NA","NA","NA","NA","NA","NA","NA","NA","NA","NA","NA","NA","NA","NA","NA","1","1","1","NA","1","NA","1","NA","1","NA","NA","NA","NA","NA"
50,"Pygoscelis_papua","GEPE","JONA","Jonassen Island",-63.5425,-56.6834,"Northeast Antarctic Peninsula","48.1","NA","NA","NA","NA","NA","NA","NA","NA","NA","NA","NA","NA","NA","NA","NA","NA","NA","NA","NA","NA","NA","NA","NA","NA","NA","1","NA","NA","NA","NA","NA","1","NA","NA","NA","NA","NA","NA","1","NA","NA","NA","NA","NA","NA","NA","1","NA","NA","NA"
51,"Pygoscelis_papua","GEPE","JOUB","Joubin Islands",-64.7744,-64.3992,"Central-west Antarctic Peninsula","48.1","NA","NA","NA","NA","1","NA","NA","NA","NA","NA","1","NA","1","1","1","NA","1","NA","NA","NA","1","NA","NA","NA","NA","NA","NA","NA","NA","NA","NA","NA","NA","NA","NA","NA","NA","NA","NA","NA","NA","NA","NA","NA","NA","NA","NA","NA","NA","NA"
52,"Pygoscelis_papua","GEPE","JOUG","Jougla Point",-64.827,-63.4932,"Central-west Antarctic Peninsula","48.1","NA","NA","NA","NA","NA","NA","NA","NA","NA","NA","NA","NA","1","1","NA","NA","NA","NA","1","NA","NA","NA","NA","NA","NA","NA","1","1","1","1","1","1","1","1","1","1","1","1","1","1","1","1","1","1","1","1","1","1","1","1"
56,"Pygoscelis_papua","GEPE","LION","Lions Rump",-62.1331,-58.1229,"South Shetland Islands","48.1","NA","NA","NA","NA","NA","NA","NA","NA","NA","NA","1","1","NA","NA","NA","NA","NA","NA","NA","NA","NA","NA","NA","NA","1","1","1","NA","NA","NA","NA","NA","NA","NA","NA","NA","NA","NA","1","1","1","NA","NA","NA","NA","NA","NA","NA","NA","NA"
57,"Pygoscelis_papua","GEPE","LLAN","Llano Point",-62.176,-58.446,"South Shetland Islands","48.1","NA","NA","NA","NA","NA","NA","NA","NA","1","1","1","1","1","NA","1","1","1","1","1","1","1","1","1","1","1","1","1","1","1","1","1","1","1","1","1","NA","NA","NA","NA","1","1","NA","NA","1","NA","NA","NA","NA","NA","NA"
58,"Pygoscelis_papua","GEPE","LOCK","Port Lockroy",-64.8231,-63.484,"Central-west Antarctic Peninsula","48.1","NA","NA","NA","NA","NA","NA","NA","NA","NA","NA","NA","NA","NA","NA","NA","NA","NA","NA","NA","NA","NA","NA","NA","NA","NA","NA","1","1","1","1","1","1","1","1","1","1","1","1","1","1","1","1","1","1","1","NA","1","1","NA","NA"
60,"Pygoscelis_papua","GEPE","LOUB","Loubat Point",-65.0776,-63.9265,"Central-west Antarctic Peninsula","48.1","NA","NA","NA","NA","NA","NA","NA","NA","NA","NA","NA","NA","1","NA","NA","NA","NA","NA","NA","NA","NA","NA","NA","NA","NA","NA","NA","NA","NA","NA","NA","NA","NA","NA","NA","NA","1","1","1","NA","NA","NA","1","NA","NA","NA","NA","NA","NA","NA"
63,"Pygoscelis_papua","GEPE","MIKK","Mikkelsen Harbor (Trinity Island)",-63.9022,-60.791,"Central-west Antarctic Peninsula","48.1","NA","NA","NA","NA","NA","NA","NA","NA","NA","NA","NA","NA","NA","1","NA","NA","NA","NA","NA","NA","NA","NA","NA","NA","NA","1","NA","NA","NA","NA","NA","NA","NA","NA","NA","NA","NA","1","1","NA","1","NA","1","1","1","1","1","1","1","1"
65,"Pygoscelis_papua","GEPE","MOOT","Moot Point",-65.2062,-64.078,"Central-west Antarctic Peninsula","48.1","NA","NA","NA","NA","NA","NA","NA","NA","NA","NA","NA","NA","NA","NA","NA","NA","NA","NA","NA","NA","NA","NA","NA","NA","NA","NA","NA","NA","NA","NA","NA","NA","NA","NA","NA","1","1","1","1","1","1","NA","1","1","1","1","NA","1","NA","NA"
67,"Pygoscelis_papua","GEPE","NEKO","Neko Harbor (Andvord Bay)",-64.8383,-62.5327,"Central-west Antarctic Peninsula","48.1","NA","NA","NA","NA","NA","NA","NA","NA","NA","NA","NA","NA","NA","NA","NA","NA","1","NA","NA","NA","NA","NA","NA","NA","NA","1","NA","NA","1","1","NA","NA","1","1","1","1","1","1","1","1","1","1","1","1","1","1","1","1","1","1"
69,"Pygoscelis_papua","GEPE","NOPT","North Point",-60.672,-45.626,"South Orkney Islands","48.2","NA","NA","NA","NA","NA","NA","NA","NA","NA","NA","NA","NA","NA","NA","NA","NA","NA","NA","NA","NA","NA","NA","NA","NA","NA","NA","1","1","NA","NA","NA","NA","NA","NA","NA","NA","NA","NA","NA","NA","NA","NA","NA","NA","NA","1","NA","NA","NA","NA"
71,"Pygoscelis_papua","GEPE","ORNE","Orne Islands",-64.662,-62.673,"Central-west Antarctic Peninsula","48.1","NA","NA","NA","NA","NA","NA","NA","NA","NA","NA","NA","NA","NA","NA","NA","NA","NA","NA","NA","NA","NA","NA","NA","NA","1","1","1","1","1","1","NA","NA","NA","NA","NA","1","1","1","1","1","1","NA","1","1","1","1","1","1","1","NA"
73,"Pygoscelis_papua","GEPE","PCHA","Port Charcot",-65.067,-64.026,"Central-west Antarctic Peninsula","48.1","NA","NA","NA","NA","NA","NA","NA","NA","NA","NA","NA","NA","1","NA","NA","NA","NA","NA","NA","NA","NA","NA","NA","NA","NA","NA","NA","NA","NA","NA","1","NA","NA","NA","NA","1","NA","1","1","1","1","NA","1","1","1","1","1","1","NA","1"
75,"Pygoscelis_papua","GEPE","PETE","Petermann Island",-65.176,-64.137,"Central-west Antarctic Peninsula","48.1","NA","NA","NA","NA","NA","NA","NA","NA","NA","NA","NA","NA","1","NA","NA","NA","NA","NA","1","NA","NA","NA","NA","NA","NA","NA","NA","NA","NA","NA","NA","NA","NA","1","1","1","1","1","1","1","NA","NA","1","1","1","NA","NA","1","NA","NA"
77,"Pygoscelis_papua","GEPE","PLEN","Pleneau Island",-65.104,-64.0556,"Central-west Antarctic Peninsula","48.1","NA","NA","NA","NA","NA","NA","NA","NA","NA","NA","NA","NA","1","NA","NA","NA","NA","NA","NA","NA","NA","NA","NA","NA","NA","NA","NA","NA","NA","1","1","NA","1","1","1","NA","1","1","1","1","1","NA","1","1","1","1","NA","1","NA","NA"
81,"Pygoscelis_papua","GEPE","PTHO","Point Thomas",-62.1631,-58.4615,"South Shetland Islands","48.1","NA","NA","NA","NA","NA","NA","NA","NA","1","1","1","1","NA","NA","NA","NA","NA","NA","1","1","1","1","1","NA","1","1","NA","NA","NA","NA","NA","NA","1","NA","NA","NA","NA","NA","NA","NA","NA","NA","NA","NA","NA","NA","NA","NA","NA","NA"
82,"Pygoscelis_papua","GEPE","PTWD","Point Wordie",-61.245,-55.328,"Elephant Island","48.1","1","NA","NA","NA","NA","NA","NA","NA","NA","NA","NA","NA","NA","NA","NA","NA","NA","1","1","NA","NA","1","NA","NA","NA","NA","NA","NA","NA","NA","NA","NA","NA","NA","NA","NA","NA","NA","NA","1","1","1","1","1","NA","NA","NA","NA","NA","1"
83,"Pygoscelis_papua","GEPE","PYPT","Py Point",-64.8792,-63.5974,"Central-west Antarctic Peninsula","48.1","NA","NA","NA","NA","NA","NA","NA","NA","NA","NA","NA","NA","1","NA","NA","NA","NA","NA","NA","NA","NA","NA","NA","NA","NA","NA","NA","NA","NA","NA","NA","NA","NA","NA","NA","NA","NA","NA","1","1","NA","NA","NA","NA","NA","NA","NA","NA","NA","NA"
87,"Pygoscelis_papua","GEPE","RONE","Ronge Island East",-64.6884,-62.6436,"Central-west Antarctic Peninsula","48.1","NA","NA","NA","NA","NA","NA","NA","NA","NA","NA","NA","NA","NA","NA","NA","NA","1","NA","1","NA","NA","NA","1","NA","1","NA","NA","NA","NA","NA","NA","NA","NA","NA","NA","NA","NA","1","1","1","NA","NA","1","1","1","1","1","1","1","1"
90,"Pygoscelis_papua","GEPE","SELV","Selvick Cove",-64.6405,-62.5691,"Central-west Antarctic Peninsula","48.1","NA","NA","NA","NA","NA","NA","NA","NA","NA","NA","NA","NA","NA","NA","NA","NA","NA","NA","NA","NA","NA","NA","NA","NA","NA","NA","NA","NA","NA","NA","NA","NA","NA","NA","NA","NA","NA","1","1","1","NA","1","1","1","1","1","1","1","1","1"
91,"Pygoscelis_papua","GEPE","SHIR","Cape Shirreff",-62.4575,-60.7874,"South Shetland Islands","48.1","NA","NA","NA","NA","NA","NA","NA","NA","NA","NA","NA","NA","NA","NA","NA","NA","NA","NA","NA","NA","NA","NA","NA","NA","NA","NA","1","1","1","1","1","1","NA","1","1","1","1","1","1","1","1","NA","NA","NA","NA","NA","NA","NA","NA","NA"
92,"Pygoscelis_papua","GEPE","SKOT","Skottsberg Point",-63.9205,-60.8089,"Central-west Antarctic Peninsula","48.1","NA","NA","NA","NA","NA","NA","NA","NA","NA","NA","NA","NA","NA","NA","NA","NA","1","NA","NA","NA","NA","NA","NA","NA","NA","NA","NA","NA","NA","NA","NA","NA","NA","NA","NA","NA","NA","NA","1","NA","NA","NA","1","1","1","1","1","1","1","NA"
93,"Pygoscelis_papua","GEPE","SPIP","Spigot Peak Point",-64.625,-62.558,"Central-west Antarctic Peninsula","48.1","NA","NA","NA","NA","NA","NA","NA","NA","NA","NA","NA","NA","NA","NA","NA","NA","NA","NA","NA","NA","NA","NA","NA","NA","NA","NA","NA","NA","NA","NA","NA","NA","NA","NA","NA","NA","NA","1","NA","NA","NA","NA","NA","NA","1","NA","1","NA","1","NA"
94,"Pygoscelis_papua","GEPE","SPTR","Spigot Peak Tripod",-64.6358,-62.5622,"Central-west Antarctic Peninsula","48.1","NA","NA","NA","NA","NA","NA","NA","NA","NA","NA","NA","NA","NA","NA","NA","NA","NA","NA","NA","NA","NA","NA","NA","NA","NA","NA","NA","NA","NA","NA","NA","NA","NA","NA","NA","NA","NA","NA","NA","NA","NA","NA","NA","NA","1","1","1","1","1","NA"
95,"Pygoscelis_papua","GEPE","STER","Sterneck Island",-64.191972,-61.049022,"Central-west Antarctic Peninsula","48.1","NA","NA","NA","NA","NA","NA","NA","NA","NA","NA","NA","NA","NA","NA","NA","NA","1","NA","NA","NA","NA","NA","NA","NA","NA","NA","NA","1","NA","NA","NA","NA","NA","NA","NA","NA","NA","NA","NA","NA","1","NA","NA","NA","NA","1","NA","NA","NA","NA"
96,"Pygoscelis_papua","GEPE","STRA","Stranger Point",-62.26,-58.6161,"South Shetland Islands","48.1","NA","NA","NA","NA","NA","NA","NA","NA","NA","NA","1","NA","NA","NA","1","1","NA","1","1","NA","NA","NA","NA","NA","NA","NA","1","1","NA","NA","1","1","1","1","1","1","1","NA","NA","NA","NA","NA","NA","NA","NA","NA","NA","NA","NA","NA"
101,"Pygoscelis_papua","GEPE","USEF","Useful Island",-64.717,-62.864,"Central-west Antarctic Peninsula","48.1","NA","NA","NA","NA","NA","NA","NA","NA","NA","NA","NA","NA","NA","1","NA","NA","NA","NA","NA","NA","NA","NA","NA","NA","NA","NA","NA","NA","NA","NA","NA","NA","NA","NA","1","NA","NA","1","1","1","NA","NA","NA","NA","NA","1","NA","NA","NA","1"
102,"Pygoscelis_papua","GEPE","VERN","Vernadsky Station",-65.2453,-64.2567,"Central-west Antarctic Peninsula","48.1","NA","NA","NA","NA","NA","NA","NA","NA","NA","NA","NA","NA","NA","NA","NA","NA","NA","NA","NA","NA","NA","NA","NA","NA","NA","NA","NA","NA","NA","1","NA","NA","NA","NA","NA","NA","NA","1","1","NA","NA","NA","1","NA","1","NA","NA","1","NA","NA"
104,"Pygoscelis_papua","GEPE","WATE","Waterboat Point",-64.8236,-62.8581,"Central-west Antarctic Peninsula","48.1","NA","NA","NA","NA","NA","NA","NA","NA","NA","NA","NA","NA","NA","NA","NA","1","NA","NA","NA","NA","NA","NA","NA","NA","NA","1","NA","1","NA","NA","NA","NA","NA","NA","1","NA","NA","NA","1","NA","NA","1","1","1","1","1","1","1","NA","NA"
107,"Pygoscelis_papua","GEPE","WPEC","Watson Peninsula (east coast)",-60.6761,-44.5436,"South Orkney Islands","48.2","NA","NA","NA","NA","NA","NA","NA","NA","NA","NA","NA","NA","NA","1","NA","NA","NA","NA","NA","NA","NA","NA","NA","NA","1","NA","NA","NA","NA","NA","NA","NA","NA","NA","NA","NA","NA","NA","NA","NA","NA","NA","NA","NA","NA","NA","NA","NA","NA","NA"
108,"Pygoscelis_papua","GEPE","YALO","Yalour Islands",-65.2389,-64.1564,"Central-west Antarctic Peninsula","48.1","NA","NA","NA","NA","NA","NA","NA","NA","NA","NA","NA","NA","NA","NA","NA","NA","NA","NA","NA","NA","NA","NA","NA","NA","NA","1","NA","NA","NA","NA","NA","NA","NA","1","NA","NA","1","NA","NA","1","NA","NA","1","1","NA","NA","NA","1","NA","NA"
109,"Pygoscelis_papua","GEPE","YANK","Yankee Harbor",-62.5257,-59.7687,"South Shetland Islands","48.1","NA","NA","NA","NA","NA","NA","NA","NA","NA","NA","NA","NA","NA","NA","NA","NA","NA","NA","NA","NA","1","NA","NA","NA","NA","NA","1","NA","NA","1","1","NA","1","1","NA","NA","NA","1","NA","NA","NA","NA","1","1","NA","1","1","NA","NA","NA"
